,source
0,https://casosclinicosonline.spmi.pt/artigos_consultar.php?id=2021357
1,https://casosclinicosonline.spmi.pt/artigos_consultar.php?id=2021357
2,https://casosclinicosonline.spmi.pt/artigos_consultar.php?id=2021347
3,https://casosclinicosonline.spmi.pt/artigos_consultar.php?id=2021347
4,https://casosclinicosonline.spmi.pt/artigos_consultar.php?id=2021368
5,https://casosclinicosonline.spmi.pt/artigos_consultar.php?id=2021368
6,https://casosclinicosonline.spmi.pt/artigos_consultar.php?id=2021368
7,https://casosclinicosonline.spmi.pt/artigos_consultar.php?id=2021357
8,https://casosclinicosonline.spmi.pt/artigos_consultar.php?id=2021347
9,https://casosclinicosonline.spmi.pt/artigos_consultar.php?id=2015046
10,https://casosclinicosonline.spmi.pt/artigos_consultar.php?id=2018182
11,https://casosclinicosonline.spmi.pt/artigos_consultar.php?id=2017170
12,https://casosclinicosonline.spmi.pt/artigos_consultar.php?id=2015041
13,https://casosclinicosonline.spmi.pt/artigos_consultar.php?id=2014016
14,https://casosclinicosonline.spmi.pt/artigos_consultar.php?id=2016135
15,https://casosclinicosonline.spmi.pt/artigos_consultar.php?id=2017157
16,https://casosclinicosonline.spmi.pt/artigos_consultar.php?id=2018300
17,https://casosclinicosonline.spmi.pt/artigos_consultar.php?id=2014040
18,https://casosclinicosonline.spmi.pt/artigos_consultar.php?id=2015056
19,https://casosclinicosonline.spmi.pt/artigos_consultar.php?id=2014126
20,https://casosclinicosonline.spmi.pt/artigos_consultar.php?id=2015045
21,https://casosclinicosonline.spmi.pt/artigos_consultar.php?id=2014122
22,https://casosclinicosonline.spmi.pt/artigos_consultar.php?id=2016103
23,https://casosclinicosonline.spmi.pt/artigos_consultar.php?id=2017338
24,https://casosclinicosonline.spmi.pt/artigos_consultar.php?id=2014047
25,https://casosclinicosonline.spmi.pt/artigos_consultar.php?id=2016062
26,https://casosclinicosonline.spmi.pt/artigos_consultar.php?id=2015072
27,https://casosclinicosonline.spmi.pt/artigos_consultar.php?id=2014051
28,https://casosclinicosonline.spmi.pt/artigos_consultar.php?id=2017345
29,https://casosclinicosonline.spmi.pt/artigos_consultar.php?id=2014121
30,https://casosclinicosonline.spmi.pt/artigos_consultar.php?id=2014152
31,https://casosclinicosonline.spmi.pt/artigos_consultar.php?id=2021195
32,https://casosclinicosonline.spmi.pt/artigos_consultar.php?id=2017164
33,https://casosclinicosonline.spmi.pt/artigos_consultar.php?id=2020275
34,https://casosclinicosonline.spmi.pt/artigos_consultar.php?id=2019272
35,https://casosclinicosonline.spmi.pt/artigos_consultar.php?id=2018120
36,https://casosclinicosonline.spmi.pt/artigos_consultar.php?id=2017351
37,https://casosclinicosonline.spmi.pt/artigos_consultar.php?id=2020250
38,https://casosclinicosonline.spmi.pt/artigos_consultar.php?id=2017231
39,https://casosclinicosonline.spmi.pt/artigos_consultar.php?id=2020045
40,https://casosclinicosonline.spmi.pt/artigos_consultar.php?id=2020180
41,https://casosclinicosonline.spmi.pt/artigos_consultar.php?id=2017204
42,https://casosclinicosonline.spmi.pt/artigos_consultar.php?id=2020271
43,https://casosclinicosonline.spmi.pt/artigos_consultar.php?id=2014146
44,https://casosclinicosonline.spmi.pt/artigos_consultar.php?id=2021204
45,https://casosclinicosonline.spmi.pt/artigos_consultar.php?id=2021175
46,https://casosclinicosonline.spmi.pt/artigos_consultar.php?id=2014131
47,https://casosclinicosonline.spmi.pt/artigos_consultar.php?id=2021254
48,https://casosclinicosonline.spmi.pt/artigos_consultar.php?id=2014144
49,https://casosclinicosonline.spmi.pt/artigos_consultar.php?id=2017269
50,https://casosclinicosonline.spmi.pt/artigos_consultar.php?id=2020251
51,https://casosclinicosonline.spmi.pt/artigos_consultar.php?id=2014089
52,https://casosclinicosonline.spmi.pt/artigos_consultar.php?id=2020138
53,https://casosclinicosonline.spmi.pt/artigos_consultar.php?id=2020122
54,https://casosclinicosonline.spmi.pt/artigos_consultar.php?id=2019186
55,https://casosclinicosonline.spmi.pt/artigos_consultar.php?id=2014068
56,https://casosclinicosonline.spmi.pt/artigos_consultar.php?id=2019293
57,https://casosclinicosonline.spmi.pt/artigos_consultar.php?id=2021341
58,https://casosclinicosonline.spmi.pt/artigos_consultar.php?id=2020169
59,https://casosclinicosonline.spmi.pt/artigos_consultar.php?id=2018363
60,https://casosclinicosonline.spmi.pt/artigos_consultar.php?id=2020175
61,https://casosclinicosonline.spmi.pt/artigos_consultar.php?id=2019048
62,https://casosclinicosonline.spmi.pt/artigos_consultar.php?id=2019089
63,https://casosclinicosonline.spmi.pt/artigos_consultar.php?id=2020026
64,https://casosclinicosonline.spmi.pt/artigos_consultar.php?id=2020089
65,https://casosclinicosonline.spmi.pt/artigos_consultar.php?id=2019082
66,https://casosclinicosonline.spmi.pt/artigos_consultar.php?id=2019218
67,https://casosclinicosonline.spmi.pt/artigos_consultar.php?id=2020055
68,https://casosclinicosonline.spmi.pt/artigos_consultar.php?id=2020035
69,https://casosclinicosonline.spmi.pt/artigos_consultar.php?id=2020027
70,https://casosclinicosonline.spmi.pt/artigos_consultar.php?id=2017218
71,https://casosclinicosonline.spmi.pt/artigos_consultar.php?id=2014048
72,https://casosclinicosonline.spmi.pt/artigos_consultar.php?id=2019174
73,https://casosclinicosonline.spmi.pt/artigos_consultar.php?id=2014107
74,https://casosclinicosonline.spmi.pt/artigos_consultar.php?id=2019161
75,https://casosclinicosonline.spmi.pt/artigos_consultar.php?id=2021111
76,https://casosclinicosonline.spmi.pt/artigos_consultar.php?id=2016156
77,https://casosclinicosonline.spmi.pt/artigos_consultar.php?id=2018107
78,https://casosclinicosonline.spmi.pt/artigos_consultar.php?id=2018389
79,https://casosclinicosonline.spmi.pt/artigos_consultar.php?id=2015018
80,https://casosclinicosonline.spmi.pt/artigos_consultar.php?id=2016093
81,https://casosclinicosonline.spmi.pt/artigos_consultar.php?id=2019257
82,https://casosclinicosonline.spmi.pt/artigos_consultar.php?id=2018167
83,https://casosclinicosonline.spmi.pt/artigos_consultar.php?id=2014060
84,https://casosclinicosonline.spmi.pt/artigos_consultar.php?id=2015101
85,https://casosclinicosonline.spmi.pt/artigos_consultar.php?id=2019111
86,https://casosclinicosonline.spmi.pt/artigos_consultar.php?id=2018323
87,https://casosclinicosonline.spmi.pt/artigos_consultar.php?id=2015005
88,https://casosclinicosonline.spmi.pt/artigos_consultar.php?id=2014110
89,https://casosclinicosonline.spmi.pt/artigos_consultar.php?id=2016271
90,https://casosclinicosonline.spmi.pt/artigos_consultar.php?id=2015116
91,https://casosclinicosonline.spmi.pt/artigos_consultar.php?id=2018104
92,https://casosclinicosonline.spmi.pt/artigos_consultar.php?id=2020011
93,https://casosclinicosonline.spmi.pt/artigos_consultar.php?id=2016006
94,https://casosclinicosonline.spmi.pt/artigos_consultar.php?id=2017312
95,https://casosclinicosonline.spmi.pt/artigos_consultar.php?id=2016043
96,https://casosclinicosonline.spmi.pt/artigos_consultar.php?id=2018321
97,https://casosclinicosonline.spmi.pt/artigos_consultar.php?id=2017286
98,https://casosclinicosonline.spmi.pt/artigos_consultar.php?id=2014002
99,https://casosclinicosonline.spmi.pt/artigos_consultar.php?id=2015075
100,https://casosclinicosonline.spmi.pt/artigos_consultar.php?id=2018211
101,https://casosclinicosonline.spmi.pt/artigos_consultar.php?id=2017062
102,https://casosclinicosonline.spmi.pt/artigos_consultar.php?id=2016261
103,https://casosclinicosonline.spmi.pt/artigos_consultar.php?id=2014018
104,https://casosclinicosonline.spmi.pt/artigos_consultar.php?id=2016128
105,https://casosclinicosonline.spmi.pt/artigos_consultar.php?id=2015091
106,https://casosclinicosonline.spmi.pt/artigos_consultar.php?id=2015107
107,https://casosclinicosonline.spmi.pt/artigos_consultar.php?id=2017079
108,https://casosclinicosonline.spmi.pt/artigos_consultar.php?id=2018228
109,https://casosclinicosonline.spmi.pt/artigos_consultar.php?id=2018269
110,https://casosclinicosonline.spmi.pt/artigos_consultar.php?id=2014142
111,https://casosclinicosonline.spmi.pt/artigos_consultar.php?id=2018121
112,https://casosclinicosonline.spmi.pt/artigos_consultar.php?id=2020278
113,https://casosclinicosonline.spmi.pt/artigos_consultar.php?id=2017303
114,https://casosclinicosonline.spmi.pt/artigos_consultar.php?id=2016049
115,https://casosclinicosonline.spmi.pt/artigos_consultar.php?id=2015019
116,https://casosclinicosonline.spmi.pt/artigos_consultar.php?id=2018364
117,https://casosclinicosonline.spmi.pt/artigos_consultar.php?id=2016215
118,https://casosclinicosonline.spmi.pt/artigos_consultar.php?id=2020236
119,https://casosclinicosonline.spmi.pt/artigos_consultar.php?id=2019235
120,https://casosclinicosonline.spmi.pt/artigos_consultar.php?id=2017054
121,https://casosclinicosonline.spmi.pt/artigos_consultar.php?id=2020174
122,https://casosclinicosonline.spmi.pt/artigos_consultar.php?id=2016140
123,https://casosclinicosonline.spmi.pt/artigos_consultar.php?id=2019287
124,https://casosclinicosonline.spmi.pt/artigos_consultar.php?id=2017335
125,https://casosclinicosonline.spmi.pt/artigos_consultar.php?id=2021110
126,https://casosclinicosonline.spmi.pt/artigos_consultar.php?id=2014082
127,https://casosclinicosonline.spmi.pt/artigos_consultar.php?id=2016118
128,https://casosclinicosonline.spmi.pt/artigos_consultar.php?id=2016203
129,https://casosclinicosonline.spmi.pt/artigos_consultar.php?id=2016137
130,https://casosclinicosonline.spmi.pt/artigos_consultar.php?id=2020087
131,https://casosclinicosonline.spmi.pt/artigos_consultar.php?id=2016070
132,https://casosclinicosonline.spmi.pt/artigos_consultar.php?id=2016178
133,https://casosclinicosonline.spmi.pt/artigos_consultar.php?id=2017283
134,https://casosclinicosonline.spmi.pt/artigos_consultar.php?id=2017225
135,https://casosclinicosonline.spmi.pt/artigos_consultar.php?id=2019288
136,https://casosclinicosonline.spmi.pt/artigos_consultar.php?id=2016136
137,https://casosclinicosonline.spmi.pt/artigos_consultar.php?id=2018076
138,https://casosclinicosonline.spmi.pt/artigos_consultar.php?id=2014030
139,https://casosclinicosonline.spmi.pt/artigos_consultar.php?id=2018170
140,https://casosclinicosonline.spmi.pt/artigos_consultar.php?id=2018073
141,https://casosclinicosonline.spmi.pt/artigos_consultar.php?id=2019165
142,https://casosclinicosonline.spmi.pt/artigos_consultar.php?id=2016147
143,https://casosclinicosonline.spmi.pt/artigos_consultar.php?id=2018388
144,https://casosclinicosonline.spmi.pt/artigos_consultar.php?id=2018070
145,https://casosclinicosonline.spmi.pt/artigos_consultar.php?id=2016090
146,https://casosclinicosonline.spmi.pt/artigos_consultar.php?id=2016110
147,https://casosclinicosonline.spmi.pt/artigos_consultar.php?id=2019182
148,https://casosclinicosonline.spmi.pt/artigos_consultar.php?id=2018344
149,https://casosclinicosonline.spmi.pt/artigos_consultar.php?id=2021012
150,https://casosclinicosonline.spmi.pt/artigos_consultar.php?id=2017357
151,https://casosclinicosonline.spmi.pt/artigos_consultar.php?id=2015030
152,https://casosclinicosonline.spmi.pt/artigos_consultar.php?id=2017213
153,https://casosclinicosonline.spmi.pt/artigos_consultar.php?id=2014038
154,https://casosclinicosonline.spmi.pt/artigos_consultar.php?id=2017117
155,https://casosclinicosonline.spmi.pt/artigos_consultar.php?id=2017073
156,https://casosclinicosonline.spmi.pt/artigos_consultar.php?id=2019068
157,https://casosclinicosonline.spmi.pt/artigos_consultar.php?id=2018294
158,https://casosclinicosonline.spmi.pt/artigos_consultar.php?id=2018071
159,https://casosclinicosonline.spmi.pt/artigos_consultar.php?id=2021381
160,https://casosclinicosonline.spmi.pt/artigos_consultar.php?id=2016024
161,https://casosclinicosonline.spmi.pt/artigos_consultar.php?id=2021068
162,https://casosclinicosonline.spmi.pt/artigos_consultar.php?id=2021069
163,https://casosclinicosonline.spmi.pt/artigos_consultar.php?id=2016239
164,https://casosclinicosonline.spmi.pt/artigos_consultar.php?id=2018258
165,https://casosclinicosonline.spmi.pt/artigos_consultar.php?id=2020044
166,https://casosclinicosonline.spmi.pt/artigos_consultar.php?id=2018296
167,https://casosclinicosonline.spmi.pt/artigos_consultar.php?id=2018036
168,https://casosclinicosonline.spmi.pt/artigos_consultar.php?id=2017067
169,https://casosclinicosonline.spmi.pt/artigos_consultar.php?id=2019127
170,https://casosclinicosonline.spmi.pt/artigos_consultar.php?id=2017302
171,https://casosclinicosonline.spmi.pt/artigos_consultar.php?id=2021039
172,https://casosclinicosonline.spmi.pt/artigos_consultar.php?id=2016097
173,https://casosclinicosonline.spmi.pt/artigos_consultar.php?id=2017326
174,https://casosclinicosonline.spmi.pt/artigos_consultar.php?id=2021365
175,https://casosclinicosonline.spmi.pt/artigos_consultar.php?id=2021339
176,https://casosclinicosonline.spmi.pt/artigos_consultar.php?id=2020240
177,https://casosclinicosonline.spmi.pt/artigos_consultar.php?id=2021182
178,https://casosclinicosonline.spmi.pt/artigos_consultar.php?id=2016086
179,https://casosclinicosonline.spmi.pt/artigos_consultar.php?id=2018358
180,https://casosclinicosonline.spmi.pt/artigos_consultar.php?id=2021032
181,https://casosclinicosonline.spmi.pt/artigos_consultar.php?id=2014137
182,https://casosclinicosonline.spmi.pt/artigos_consultar.php?id=2020273
183,https://casosclinicosonline.spmi.pt/artigos_consultar.php?id=2019209
184,https://casosclinicosonline.spmi.pt/artigos_consultar.php?id=2017287
185,https://casosclinicosonline.spmi.pt/artigos_consultar.php?id=2016160
186,https://casosclinicosonline.spmi.pt/artigos_consultar.php?id=2015090
187,https://casosclinicosonline.spmi.pt/artigos_consultar.php?id=2017014
188,https://casosclinicosonline.spmi.pt/artigos_consultar.php?id=2021238
189,https://casosclinicosonline.spmi.pt/artigos_consultar.php?id=2018348
190,https://casosclinicosonline.spmi.pt/artigos_consultar.php?id=2015020
191,https://casosclinicosonline.spmi.pt/artigos_consultar.php?id=2021353
192,https://casosclinicosonline.spmi.pt/artigos_consultar.php?id=2017158
193,https://casosclinicosonline.spmi.pt/artigos_consultar.php?id=2020257
194,https://casosclinicosonline.spmi.pt/artigos_consultar.php?id=2019197
195,https://casosclinicosonline.spmi.pt/artigos_consultar.php?id=2015111
196,https://casosclinicosonline.spmi.pt/artigos_consultar.php?id=2018283
197,https://casosclinicosonline.spmi.pt/artigos_consultar.php?id=2018083
198,https://casosclinicosonline.spmi.pt/artigos_consultar.php?id=2020193
199,https://casosclinicosonline.spmi.pt/artigos_consultar.php?id=2017072
200,https://casosclinicosonline.spmi.pt/artigos_consultar.php?id=2018276
201,https://casosclinicosonline.spmi.pt/artigos_consultar.php?id=2021134
202,https://casosclinicosonline.spmi.pt/artigos_consultar.php?id=2019245
203,https://casosclinicosonline.spmi.pt/artigos_consultar.php?id=2014022
204,https://casosclinicosonline.spmi.pt/artigos_consultar.php?id=2019173
205,https://casosclinicosonline.spmi.pt/artigos_consultar.php?id=2018285
206,https://casosclinicosonline.spmi.pt/artigos_consultar.php?id=2017235
207,https://casosclinicosonline.spmi.pt/artigos_consultar.php?id=2020020
208,https://casosclinicosonline.spmi.pt/artigos_consultar.php?id=2017344
209,https://casosclinicosonline.spmi.pt/artigos_consultar.php?id=2020294
210,https://casosclinicosonline.spmi.pt/artigos_consultar.php?id=2017082
211,https://casosclinicosonline.spmi.pt/artigos_consultar.php?id=2017142
212,https://casosclinicosonline.spmi.pt/artigos_consultar.php?id=2019060
213,https://casosclinicosonline.spmi.pt/artigos_consultar.php?id=2020225
214,https://casosclinicosonline.spmi.pt/artigos_consultar.php?id=2020289
215,https://casosclinicosonline.spmi.pt/artigos_consultar.php?id=2020199
216,https://casosclinicosonline.spmi.pt/artigos_consultar.php?id=2017136
217,https://casosclinicosonline.spmi.pt/artigos_consultar.php?id=2021267
218,https://casosclinicosonline.spmi.pt/artigos_consultar.php?id=2014072
219,https://casosclinicosonline.spmi.pt/artigos_consultar.php?id=2018075
220,https://casosclinicosonline.spmi.pt/artigos_consultar.php?id=2019021
221,https://casosclinicosonline.spmi.pt/artigos_consultar.php?id=2019083
222,https://casosclinicosonline.spmi.pt/artigos_consultar.php?id=2018092
223,https://casosclinicosonline.spmi.pt/artigos_consultar.php?id=2021009
224,https://casosclinicosonline.spmi.pt/artigos_consultar.php?id=2016264
225,https://casosclinicosonline.spmi.pt/artigos_consultar.php?id=2020059
226,https://casosclinicosonline.spmi.pt/artigos_consultar.php?id=2017343
227,https://casosclinicosonline.spmi.pt/artigos_consultar.php?id=2021016
228,https://casosclinicosonline.spmi.pt/artigos_consultar.php?id=2014061
229,https://casosclinicosonline.spmi.pt/artigos_consultar.php?id=2019198
230,https://casosclinicosonline.spmi.pt/artigos_consultar.php?id=2016145
231,https://casosclinicosonline.spmi.pt/artigos_consultar.php?id=2020300
232,https://casosclinicosonline.spmi.pt/artigos_consultar.php?id=2018259
233,https://casosclinicosonline.spmi.pt/artigos_consultar.php?id=2018303
234,https://casosclinicosonline.spmi.pt/artigos_consultar.php?id=2020176
235,https://casosclinicosonline.spmi.pt/artigos_consultar.php?id=2018148
236,https://casosclinicosonline.spmi.pt/artigos_consultar.php?id=2016036
237,https://casosclinicosonline.spmi.pt/artigos_consultar.php?id=2017102
238,https://casosclinicosonline.spmi.pt/artigos_consultar.php?id=2016210
239,https://casosclinicosonline.spmi.pt/artigos_consultar.php?id=2016222
240,https://casosclinicosonline.spmi.pt/artigos_consultar.php?id=2020308
241,https://casosclinicosonline.spmi.pt/artigos_consultar.php?id=2016116
242,https://casosclinicosonline.spmi.pt/artigos_consultar.php?id=2017008
243,https://casosclinicosonline.spmi.pt/artigos_consultar.php?id=2018032
244,https://casosclinicosonline.spmi.pt/artigos_consultar.php?id=2020247
245,https://casosclinicosonline.spmi.pt/artigos_consultar.php?id=2016169
246,https://casosclinicosonline.spmi.pt/artigos_consultar.php?id=2021337
247,https://casosclinicosonline.spmi.pt/artigos_consultar.php?id=2021281
248,https://casosclinicosonline.spmi.pt/artigos_consultar.php?id=2016186
249,https://casosclinicosonline.spmi.pt/artigos_consultar.php?id=2020305
250,https://casosclinicosonline.spmi.pt/artigos_consultar.php?id=2017004
251,https://casosclinicosonline.spmi.pt/artigos_consultar.php?id=2020259
252,https://casosclinicosonline.spmi.pt/artigos_consultar.php?id=2017111
253,https://casosclinicosonline.spmi.pt/artigos_consultar.php?id=2020324
254,https://casosclinicosonline.spmi.pt/artigos_consultar.php?id=2017194
255,https://casosclinicosonline.spmi.pt/artigos_consultar.php?id=2020266
256,https://casosclinicosonline.spmi.pt/artigos_consultar.php?id=2016003
257,https://casosclinicosonline.spmi.pt/artigos_consultar.php?id=2018112
258,https://casosclinicosonline.spmi.pt/artigos_consultar.php?id=2014098
259,https://casosclinicosonline.spmi.pt/artigos_consultar.php?id=2018134
260,https://casosclinicosonline.spmi.pt/artigos_consultar.php?id=2018165
261,https://casosclinicosonline.spmi.pt/artigos_consultar.php?id=2021360
262,https://casosclinicosonline.spmi.pt/artigos_consultar.php?id=2021324
263,https://casosclinicosonline.spmi.pt/artigos_consultar.php?id=2017168
264,https://casosclinicosonline.spmi.pt/artigos_consultar.php?id=2019240
265,https://casosclinicosonline.spmi.pt/artigos_consultar.php?id=2014118
266,https://casosclinicosonline.spmi.pt/artigos_consultar.php?id=2021065
267,https://casosclinicosonline.spmi.pt/artigos_consultar.php?id=2020248
268,https://casosclinicosonline.spmi.pt/artigos_consultar.php?id=2017197
269,https://casosclinicosonline.spmi.pt/artigos_consultar.php?id=2014091
270,https://casosclinicosonline.spmi.pt/artigos_consultar.php?id=2019171
271,https://casosclinicosonline.spmi.pt/artigos_consultar.php?id=2019052
272,https://casosclinicosonline.spmi.pt/artigos_consultar.php?id=2019223
273,https://casosclinicosonline.spmi.pt/artigos_consultar.php?id=2016217
274,https://casosclinicosonline.spmi.pt/artigos_consultar.php?id=2017227
275,https://casosclinicosonline.spmi.pt/artigos_consultar.php?id=2016125
276,https://casosclinicosonline.spmi.pt/artigos_consultar.php?id=2019025
277,https://casosclinicosonline.spmi.pt/artigos_consultar.php?id=2016082
278,https://casosclinicosonline.spmi.pt/artigos_consultar.php?id=2016114
279,https://casosclinicosonline.spmi.pt/artigos_consultar.php?id=2018098
280,https://casosclinicosonline.spmi.pt/artigos_consultar.php?id=2020312
281,https://casosclinicosonline.spmi.pt/artigos_consultar.php?id=2015104
282,https://casosclinicosonline.spmi.pt/artigos_consultar.php?id=2020107
283,https://casosclinicosonline.spmi.pt/artigos_consultar.php?id=2021242
284,https://casosclinicosonline.spmi.pt/artigos_consultar.php?id=2016074
285,https://casosclinicosonline.spmi.pt/artigos_consultar.php?id=2020204
286,https://casosclinicosonline.spmi.pt/artigos_consultar.php?id=2021196
287,https://casosclinicosonline.spmi.pt/artigos_consultar.php?id=2018281
288,https://casosclinicosonline.spmi.pt/artigos_consultar.php?id=2017026
289,https://casosclinicosonline.spmi.pt/artigos_consultar.php?id=2021200
290,https://casosclinicosonline.spmi.pt/artigos_consultar.php?id=2017135
291,https://casosclinicosonline.spmi.pt/artigos_consultar.php?id=2018290
292,https://casosclinicosonline.spmi.pt/artigos_consultar.php?id=2021321
293,https://casosclinicosonline.spmi.pt/artigos_consultar.php?id=2021342
294,https://casosclinicosonline.spmi.pt/artigos_consultar.php?id=2020232
295,https://casosclinicosonline.spmi.pt/artigos_consultar.php?id=2020182
296,https://casosclinicosonline.spmi.pt/artigos_consultar.php?id=2020267
297,https://casosclinicosonline.spmi.pt/artigos_consultar.php?id=2014104
298,https://casosclinicosonline.spmi.pt/artigos_consultar.php?id=2018243
299,https://casosclinicosonline.spmi.pt/artigos_consultar.php?id=2017045
300,https://casosclinicosonline.spmi.pt/artigos_consultar.php?id=2019004
301,https://casosclinicosonline.spmi.pt/artigos_consultar.php?id=2016170
302,https://casosclinicosonline.spmi.pt/artigos_consultar.php?id=2021231
303,https://casosclinicosonline.spmi.pt/artigos_consultar.php?id=2015094
304,https://casosclinicosonline.spmi.pt/artigos_consultar.php?id=2018209
305,https://casosclinicosonline.spmi.pt/artigos_consultar.php?id=2017063
306,https://casosclinicosonline.spmi.pt/artigos_consultar.php?id=2017222
307,https://casosclinicosonline.spmi.pt/artigos_consultar.php?id=2016260
308,https://casosclinicosonline.spmi.pt/artigos_consultar.php?id=2019168
309,https://casosclinicosonline.spmi.pt/artigos_consultar.php?id=2018393
310,https://casosclinicosonline.spmi.pt/artigos_consultar.php?id=2018018
311,https://casosclinicosonline.spmi.pt/artigos_consultar.php?id=2016208
312,https://casosclinicosonline.spmi.pt/artigos_consultar.php?id=2018042
313,https://casosclinicosonline.spmi.pt/artigos_consultar.php?id=2021047
314,https://casosclinicosonline.spmi.pt/artigos_consultar.php?id=2017066
315,https://casosclinicosonline.spmi.pt/artigos_consultar.php?id=2020185
316,https://casosclinicosonline.spmi.pt/artigos_consultar.php?id=2019258
317,https://casosclinicosonline.spmi.pt/artigos_consultar.php?id=2021221
318,https://casosclinicosonline.spmi.pt/artigos_consultar.php?id=2018347
319,https://casosclinicosonline.spmi.pt/artigos_consultar.php?id=2014057
320,https://casosclinicosonline.spmi.pt/artigos_consultar.php?id=2016195
321,https://casosclinicosonline.spmi.pt/artigos_consultar.php?id=2019003
322,https://casosclinicosonline.spmi.pt/artigos_consultar.php?id=2020098
323,https://casosclinicosonline.spmi.pt/artigos_consultar.php?id=2020112
324,https://casosclinicosonline.spmi.pt/artigos_consultar.php?id=2021080
325,https://casosclinicosonline.spmi.pt/artigos_consultar.php?id=2020144
326,https://casosclinicosonline.spmi.pt/artigos_consultar.php?id=2018162
327,https://casosclinicosonline.spmi.pt/artigos_consultar.php?id=2017068
328,https://casosclinicosonline.spmi.pt/artigos_consultar.php?id=2017192
329,https://casosclinicosonline.spmi.pt/artigos_consultar.php?id=2019084
330,https://casosclinicosonline.spmi.pt/artigos_consultar.php?id=2021172
331,https://casosclinicosonline.spmi.pt/artigos_consultar.php?id=2020103
332,https://casosclinicosonline.spmi.pt/artigos_consultar.php?id=2017342
333,https://casosclinicosonline.spmi.pt/artigos_consultar.php?id=2021097
334,https://casosclinicosonline.spmi.pt/artigos_consultar.php?id=2021148
335,https://casosclinicosonline.spmi.pt/artigos_consultar.php?id=2021232
336,https://casosclinicosonline.spmi.pt/artigos_consultar.php?id=2021355
337,https://casosclinicosonline.spmi.pt/artigos_consultar.php?id=2019145
338,https://casosclinicosonline.spmi.pt/artigos_consultar.php?id=2021081
339,https://casosclinicosonline.spmi.pt/artigos_consultar.php?id=2018034
340,https://casosclinicosonline.spmi.pt/artigos_consultar.php?id=2017005
341,https://casosclinicosonline.spmi.pt/artigos_consultar.php?id=2019117
342,https://casosclinicosonline.spmi.pt/artigos_consultar.php?id=2016068
343,https://casosclinicosonline.spmi.pt/artigos_consultar.php?id=2016071
344,https://casosclinicosonline.spmi.pt/artigos_consultar.php?id=2019051
345,https://casosclinicosonline.spmi.pt/artigos_consultar.php?id=2016263
346,https://casosclinicosonline.spmi.pt/artigos_consultar.php?id=2019270
347,https://casosclinicosonline.spmi.pt/artigos_consultar.php?id=2019246
348,https://casosclinicosonline.spmi.pt/artigos_consultar.php?id=2020213
349,https://casosclinicosonline.spmi.pt/artigos_consultar.php?id=2021229
350,https://casosclinicosonline.spmi.pt/artigos_consultar.php?id=2021067
351,https://casosclinicosonline.spmi.pt/artigos_consultar.php?id=2018239
352,https://casosclinicosonline.spmi.pt/artigos_consultar.php?id=2018024
353,https://casosclinicosonline.spmi.pt/artigos_consultar.php?id=2020227
354,https://casosclinicosonline.spmi.pt/artigos_consultar.php?id=2020025
355,https://casosclinicosonline.spmi.pt/artigos_consultar.php?id=2017025
356,https://casosclinicosonline.spmi.pt/artigos_consultar.php?id=2018272
357,https://casosclinicosonline.spmi.pt/artigos_consultar.php?id=2020299
358,https://casosclinicosonline.spmi.pt/artigos_consultar.php?id=2021166
359,https://casosclinicosonline.spmi.pt/artigos_consultar.php?id=2021055
360,https://casosclinicosonline.spmi.pt/artigos_consultar.php?id=2016192
361,https://casosclinicosonline.spmi.pt/artigos_consultar.php?id=2017328
362,https://casosclinicosonline.spmi.pt/artigos_consultar.php?id=2019121
363,https://casosclinicosonline.spmi.pt/artigos_consultar.php?id=2018033
364,https://casosclinicosonline.spmi.pt/artigos_consultar.php?id=2018159
365,https://casosclinicosonline.spmi.pt/artigos_consultar.php?id=2021370
366,https://casosclinicosonline.spmi.pt/artigos_consultar.php?id=2021366
367,https://casosclinicosonline.spmi.pt/artigos_consultar.php?id=2021320
368,https://casosclinicosonline.spmi.pt/artigos_consultar.php?id=2021326
369,https://casosclinicosonline.spmi.pt/artigos_consultar.php?id=2018245
370,https://casosclinicosonline.spmi.pt/artigos_consultar.php?id=2017226
371,https://casosclinicosonline.spmi.pt/artigos_consultar.php?id=2020061
372,https://casosclinicosonline.spmi.pt/artigos_consultar.php?id=2017174
373,https://casosclinicosonline.spmi.pt/artigos_consultar.php?id=2020131
374,https://casosclinicosonline.spmi.pt/artigos_consultar.php?id=2016219
375,https://casosclinicosonline.spmi.pt/artigos_consultar.php?id=2018038
376,https://casosclinicosonline.spmi.pt/artigos_consultar.php?id=2014094
377,https://casosclinicosonline.spmi.pt/artigos_consultar.php?id=2017040
378,https://casosclinicosonline.spmi.pt/artigos_consultar.php?id=2020183
379,https://casosclinicosonline.spmi.pt/artigos_consultar.php?id=2019205
380,https://casosclinicosonline.spmi.pt/artigos_consultar.php?id=2017023
381,https://casosclinicosonline.spmi.pt/artigos_consultar.php?id=2019225
382,https://casosclinicosonline.spmi.pt/artigos_consultar.php?id=2018051
383,https://casosclinicosonline.spmi.pt/artigos_consultar.php?id=2017276
384,https://casosclinicosonline.spmi.pt/artigos_consultar.php?id=2014080
385,https://casosclinicosonline.spmi.pt/artigos_consultar.php?id=2014052
386,https://casosclinicosonline.spmi.pt/artigos_consultar.php?id=2019239
387,https://casosclinicosonline.spmi.pt/artigos_consultar.php?id=2019131
388,https://casosclinicosonline.spmi.pt/artigos_consultar.php?id=2016199
389,https://casosclinicosonline.spmi.pt/artigos_consultar.php?id=2018186
390,https://casosclinicosonline.spmi.pt/artigos_consultar.php?id=2014108
391,https://casosclinicosonline.spmi.pt/artigos_consultar.php?id=2019099
392,https://casosclinicosonline.spmi.pt/artigos_consultar.php?id=2016013
393,https://casosclinicosonline.spmi.pt/artigos_consultar.php?id=2020132
394,https://casosclinicosonline.spmi.pt/artigos_consultar.php?id=2021129
395,https://casosclinicosonline.spmi.pt/artigos_consultar.php?id=2017261
396,https://casosclinicosonline.spmi.pt/artigos_consultar.php?id=2017020
397,https://casosclinicosonline.spmi.pt/artigos_consultar.php?id=2018325
398,https://casosclinicosonline.spmi.pt/artigos_consultar.php?id=2020260
399,https://casosclinicosonline.spmi.pt/artigos_consultar.php?id=2019076
400,https://casosclinicosonline.spmi.pt/artigos_consultar.php?id=2018277
401,https://casosclinicosonline.spmi.pt/artigos_consultar.php?id=2014032
402,https://casosclinicosonline.spmi.pt/artigos_consultar.php?id=2021033
403,https://casosclinicosonline.spmi.pt/artigos_consultar.php?id=2021153
404,https://casosclinicosonline.spmi.pt/artigos_consultar.php?id=2016251
405,https://casosclinicosonline.spmi.pt/artigos_consultar.php?id=2017109
406,https://casosclinicosonline.spmi.pt/artigos_consultar.php?id=2021247
407,https://casosclinicosonline.spmi.pt/artigos_consultar.php?id=2021343
408,https://casosclinicosonline.spmi.pt/artigos_consultar.php?id=2021331
409,https://casosclinicosonline.spmi.pt/artigos_consultar.php?id=2018295
410,https://casosclinicosonline.spmi.pt/artigos_consultar.php?id=2020066
411,https://casosclinicosonline.spmi.pt/artigos_consultar.php?id=2018196
412,https://casosclinicosonline.spmi.pt/artigos_consultar.php?id=2018174
413,https://casosclinicosonline.spmi.pt/artigos_consultar.php?id=2018252
414,https://casosclinicosonline.spmi.pt/artigos_consultar.php?id=2019100
415,https://casosclinicosonline.spmi.pt/artigos_consultar.php?id=2017090
416,https://casosclinicosonline.spmi.pt/artigos_consultar.php?id=2018015
417,https://casosclinicosonline.spmi.pt/artigos_consultar.php?id=2016276
418,https://casosclinicosonline.spmi.pt/artigos_consultar.php?id=2021176
419,https://casosclinicosonline.spmi.pt/artigos_consultar.php?id=2018235
420,https://casosclinicosonline.spmi.pt/artigos_consultar.php?id=2017036
421,https://casosclinicosonline.spmi.pt/artigos_consultar.php?id=2014020
422,https://casosclinicosonline.spmi.pt/artigos_consultar.php?id=2019170
423,https://casosclinicosonline.spmi.pt/artigos_consultar.php?id=2015025
424,https://casosclinicosonline.spmi.pt/artigos_consultar.php?id=2017028
425,https://casosclinicosonline.spmi.pt/artigos_consultar.php?id=2018278
426,https://casosclinicosonline.spmi.pt/artigos_consultar.php?id=2015082
427,https://casosclinicosonline.spmi.pt/artigos_consultar.php?id=2018261
428,https://casosclinicosonline.spmi.pt/artigos_consultar.php?id=2016021
429,https://casosclinicosonline.spmi.pt/artigos_consultar.php?id=2014027
430,https://casosclinicosonline.spmi.pt/artigos_consultar.php?id=2016039
431,https://casosclinicosonline.spmi.pt/artigos_consultar.php?id=2017110
432,https://casosclinicosonline.spmi.pt/artigos_consultar.php?id=2021327
433,https://casosclinicosonline.spmi.pt/artigos_consultar.php?id=2021273
434,https://casosclinicosonline.spmi.pt/artigos_consultar.php?id=2021376
435,https://casosclinicosonline.spmi.pt/artigos_consultar.php?id=2017167
436,https://casosclinicosonline.spmi.pt/artigos_consultar.php?id=2020078
437,https://casosclinicosonline.spmi.pt/artigos_consultar.php?id=2018095
438,https://casosclinicosonline.spmi.pt/artigos_consultar.php?id=2018291
439,https://casosclinicosonline.spmi.pt/artigos_consultar.php?id=2019214
440,https://casosclinicosonline.spmi.pt/artigos_consultar.php?id=2019278
441,https://casosclinicosonline.spmi.pt/artigos_consultar.php?id=2017155
442,https://casosclinicosonline.spmi.pt/artigos_consultar.php?id=2018105
443,https://casosclinicosonline.spmi.pt/artigos_consultar.php?id=2019202
444,https://casosclinicosonline.spmi.pt/artigos_consultar.php?id=2018140
445,https://casosclinicosonline.spmi.pt/artigos_consultar.php?id=2017043
446,https://casosclinicosonline.spmi.pt/artigos_consultar.php?id=2018289
447,https://casosclinicosonline.spmi.pt/artigos_consultar.php?id=2015081
448,https://casosclinicosonline.spmi.pt/artigos_consultar.php?id=2021140
449,https://casosclinicosonline.spmi.pt/artigos_consultar.php?id=2021031
450,https://casosclinicosonline.spmi.pt/artigos_consultar.php?id=2015093
451,https://casosclinicosonline.spmi.pt/artigos_consultar.php?id=2016056
452,https://casosclinicosonline.spmi.pt/artigos_consultar.php?id=2016196
453,https://casosclinicosonline.spmi.pt/artigos_consultar.php?id=2016189
454,https://casosclinicosonline.spmi.pt/artigos_consultar.php?id=2020124
455,https://casosclinicosonline.spmi.pt/artigos_consultar.php?id=2018135
456,https://casosclinicosonline.spmi.pt/artigos_consultar.php?id=2017145
457,https://casosclinicosonline.spmi.pt/artigos_consultar.php?id=2021156
458,https://casosclinicosonline.spmi.pt/artigos_consultar.php?id=2018132
459,https://casosclinicosonline.spmi.pt/artigos_consultar.php?id=2018099
460,https://casosclinicosonline.spmi.pt/artigos_consultar.php?id=2021174
461,https://casosclinicosonline.spmi.pt/artigos_consultar.php?id=2019026
462,https://casosclinicosonline.spmi.pt/artigos_consultar.php?id=2018212
463,https://casosclinicosonline.spmi.pt/artigos_consultar.php?id=2020021
464,https://casosclinicosonline.spmi.pt/artigos_consultar.php?id=2021303
465,https://casosclinicosonline.spmi.pt/artigos_consultar.php?id=2021285
466,https://casosclinicosonline.spmi.pt/artigos_consultar.php?id=2021270
467,https://casosclinicosonline.spmi.pt/artigos_consultar.php?id=2017178
468,https://casosclinicosonline.spmi.pt/artigos_consultar.php?id=2018166
469,https://casosclinicosonline.spmi.pt/artigos_consultar.php?id=2018116
470,https://casosclinicosonline.spmi.pt/artigos_consultar.php?id=2018227
471,https://casosclinicosonline.spmi.pt/artigos_consultar.php?id=2020114
472,https://casosclinicosonline.spmi.pt/artigos_consultar.php?id=2018031
473,https://casosclinicosonline.spmi.pt/artigos_consultar.php?id=2018055
474,https://casosclinicosonline.spmi.pt/artigos_consultar.php?id=2019016
475,https://casosclinicosonline.spmi.pt/artigos_consultar.php?id=2019206
476,https://casosclinicosonline.spmi.pt/artigos_consultar.php?id=2018387
477,https://casosclinicosonline.spmi.pt/artigos_consultar.php?id=2020197
478,https://casosclinicosonline.spmi.pt/artigos_consultar.php?id=2016040
479,https://casosclinicosonline.spmi.pt/artigos_consultar.php?id=2016078
480,https://casosclinicosonline.spmi.pt/artigos_consultar.php?id=2017024
481,https://casosclinicosonline.spmi.pt/artigos_consultar.php?id=2017315
482,https://casosclinicosonline.spmi.pt/artigos_consultar.php?id=2018203
483,https://casosclinicosonline.spmi.pt/artigos_consultar.php?id=2014150
484,https://casosclinicosonline.spmi.pt/artigos_consultar.php?id=2021302
485,https://casosclinicosonline.spmi.pt/artigos_consultar.php?id=2021315
486,https://casosclinicosonline.spmi.pt/artigos_consultar.php?id=2021352
487,https://casosclinicosonline.spmi.pt/artigos_consultar.php?id=2018286
488,https://casosclinicosonline.spmi.pt/artigos_consultar.php?id=2017257
489,https://casosclinicosonline.spmi.pt/artigos_consultar.php?id=2016242
490,https://casosclinicosonline.spmi.pt/artigos_consultar.php?id=2018197
491,https://casosclinicosonline.spmi.pt/artigos_consultar.php?id=2017329
492,https://casosclinicosonline.spmi.pt/artigos_consultar.php?id=2015013
493,https://casosclinicosonline.spmi.pt/artigos_consultar.php?id=2018317
494,https://casosclinicosonline.spmi.pt/artigos_consultar.php?id=2017056
495,https://casosclinicosonline.spmi.pt/artigos_consultar.php?id=2017074
496,https://casosclinicosonline.spmi.pt/artigos_consultar.php?id=2016087
497,https://casosclinicosonline.spmi.pt/artigos_consultar.php?id=2018331
498,https://casosclinicosonline.spmi.pt/artigos_consultar.php?id=2016237
499,https://casosclinicosonline.spmi.pt/artigos_consultar.php?id=2018086
500,https://casosclinicosonline.spmi.pt/artigos_consultar.php?id=2017290
501,https://casosclinicosonline.spmi.pt/artigos_consultar.php?id=2020202
502,https://casosclinicosonline.spmi.pt/artigos_consultar.php?id=2017131
503,https://casosclinicosonline.spmi.pt/artigos_consultar.php?id=2017013
504,https://casosclinicosonline.spmi.pt/artigos_consultar.php?id=2018004
505,https://casosclinicosonline.spmi.pt/artigos_consultar.php?id=2018168
506,https://casosclinicosonline.spmi.pt/artigos_consultar.php?id=2017162
507,https://casosclinicosonline.spmi.pt/artigos_consultar.php?id=2018288
508,https://casosclinicosonline.spmi.pt/artigos_consultar.php?id=2018147
509,https://casosclinicosonline.spmi.pt/artigos_consultar.php?id=2018218
510,https://casosclinicosonline.spmi.pt/artigos_consultar.php?id=2016191
511,https://casosclinicosonline.spmi.pt/artigos_consultar.php?id=2017299
512,https://casosclinicosonline.spmi.pt/artigos_consultar.php?id=2017262
513,https://casosclinicosonline.spmi.pt/artigos_consultar.php?id=2016141
514,https://casosclinicosonline.spmi.pt/artigos_consultar.php?id=2020134
515,https://casosclinicosonline.spmi.pt/artigos_consultar.php?id=2019217
516,https://casosclinicosonline.spmi.pt/artigos_consultar.php?id=2018207
517,https://casosclinicosonline.spmi.pt/artigos_consultar.php?id=2016067
518,https://casosclinicosonline.spmi.pt/artigos_consultar.php?id=2016269
519,https://casosclinicosonline.spmi.pt/artigos_consultar.php?id=2016111
520,https://casosclinicosonline.spmi.pt/artigos_consultar.php?id=2016060
521,https://casosclinicosonline.spmi.pt/artigos_consultar.php?id=2019210
522,https://casosclinicosonline.spmi.pt/artigos_consultar.php?id=2021274
523,https://casosclinicosonline.spmi.pt/artigos_consultar.php?id=2021280
524,https://casosclinicosonline.spmi.pt/artigos_consultar.php?id=2020325
525,https://casosclinicosonline.spmi.pt/artigos_consultar.php?id=2018199
526,https://casosclinicosonline.spmi.pt/artigos_consultar.php?id=2020158
527,https://casosclinicosonline.spmi.pt/artigos_consultar.php?id=2018078
528,https://casosclinicosonline.spmi.pt/artigos_consultar.php?id=2014025
529,https://casosclinicosonline.spmi.pt/artigos_consultar.php?id=2015034
530,https://casosclinicosonline.spmi.pt/artigos_consultar.php?id=2017334
531,https://casosclinicosonline.spmi.pt/artigos_consultar.php?id=2019192
532,https://casosclinicosonline.spmi.pt/artigos_consultar.php?id=2017052
533,https://casosclinicosonline.spmi.pt/artigos_consultar.php?id=2017057
534,https://casosclinicosonline.spmi.pt/artigos_consultar.php?id=2017148
535,https://casosclinicosonline.spmi.pt/artigos_consultar.php?id=2019259
536,https://casosclinicosonline.spmi.pt/artigos_consultar.php?id=2020207
537,https://casosclinicosonline.spmi.pt/artigos_consultar.php?id=2018333
538,https://casosclinicosonline.spmi.pt/artigos_consultar.php?id=2019125
539,https://casosclinicosonline.spmi.pt/artigos_consultar.php?id=2021102
540,https://casosclinicosonline.spmi.pt/artigos_consultar.php?id=2016179
541,https://casosclinicosonline.spmi.pt/artigos_consultar.php?id=2018185
542,https://casosclinicosonline.spmi.pt/artigos_consultar.php?id=2018324
543,https://casosclinicosonline.spmi.pt/artigos_consultar.php?id=2018247
544,https://casosclinicosonline.spmi.pt/artigos_consultar.php?id=2021122
545,https://casosclinicosonline.spmi.pt/artigos_consultar.php?id=2016061
546,https://casosclinicosonline.spmi.pt/artigos_consultar.php?id=2018299
547,https://casosclinicosonline.spmi.pt/artigos_consultar.php?id=2017006
548,https://casosclinicosonline.spmi.pt/artigos_consultar.php?id=2016134
549,https://casosclinicosonline.spmi.pt/artigos_consultar.php?id=2017249
550,https://casosclinicosonline.spmi.pt/artigos_consultar.php?id=2019203
551,https://casosclinicosonline.spmi.pt/artigos_consultar.php?id=2017330
552,https://casosclinicosonline.spmi.pt/artigos_consultar.php?id=2018378
553,https://casosclinicosonline.spmi.pt/artigos_consultar.php?id=2016175
554,https://casosclinicosonline.spmi.pt/artigos_consultar.php?id=2018328
555,https://casosclinicosonline.spmi.pt/artigos_consultar.php?id=2017309
556,https://casosclinicosonline.spmi.pt/artigos_consultar.php?id=2018085
557,https://casosclinicosonline.spmi.pt/artigos_consultar.php?id=2020088
558,https://casosclinicosonline.spmi.pt/artigos_consultar.php?id=2017181
559,https://casosclinicosonline.spmi.pt/artigos_consultar.php?id=2014009
560,https://casosclinicosonline.spmi.pt/artigos_consultar.php?id=2017247
561,https://casosclinicosonline.spmi.pt/artigos_consultar.php?id=2017187
562,https://casosclinicosonline.spmi.pt/artigos_consultar.php?id=2018313
563,https://casosclinicosonline.spmi.pt/artigos_consultar.php?id=2018149
564,https://casosclinicosonline.spmi.pt/artigos_consultar.php?id=2019215
565,https://casosclinicosonline.spmi.pt/artigos_consultar.php?id=2016037
566,https://casosclinicosonline.spmi.pt/artigos_consultar.php?id=2019247
567,https://casosclinicosonline.spmi.pt/artigos_consultar.php?id=2021263
568,https://casosclinicosonline.spmi.pt/artigos_consultar.php?id=2021330
569,https://casosclinicosonline.spmi.pt/artigos_consultar.php?id=2021290
570,https://casosclinicosonline.spmi.pt/artigos_consultar.php?id=2017243
571,https://casosclinicosonline.spmi.pt/artigos_consultar.php?id=2017209
572,https://casosclinicosonline.spmi.pt/artigos_consultar.php?id=2018022
573,https://casosclinicosonline.spmi.pt/artigos_consultar.php?id=2017077
574,https://casosclinicosonline.spmi.pt/artigos_consultar.php?id=2017060
575,https://casosclinicosonline.spmi.pt/artigos_consultar.php?id=2017059
576,https://casosclinicosonline.spmi.pt/artigos_consultar.php?id=2021052
577,https://casosclinicosonline.spmi.pt/artigos_consultar.php?id=2014133
578,https://casosclinicosonline.spmi.pt/artigos_consultar.php?id=2017041
579,https://casosclinicosonline.spmi.pt/artigos_consultar.php?id=2016109
580,https://casosclinicosonline.spmi.pt/artigos_consultar.php?id=2014001
581,https://casosclinicosonline.spmi.pt/artigos_consultar.php?id=2017180
582,https://casosclinicosonline.spmi.pt/artigos_consultar.php?id=2018340
583,https://casosclinicosonline.spmi.pt/artigos_consultar.php?id=2017124
584,https://casosclinicosonline.spmi.pt/artigos_consultar.php?id=2016188
585,https://casosclinicosonline.spmi.pt/artigos_consultar.php?id=2021141
586,https://casosclinicosonline.spmi.pt/artigos_consultar.php?id=2018129
587,https://casosclinicosonline.spmi.pt/artigos_consultar.php?id=2017019
588,https://casosclinicosonline.spmi.pt/artigos_consultar.php?id=2016226
589,https://casosclinicosonline.spmi.pt/artigos_consultar.php?id=2018307
590,https://casosclinicosonline.spmi.pt/artigos_consultar.php?id=2019147
591,https://casosclinicosonline.spmi.pt/artigos_consultar.php?id=2014053
592,https://casosclinicosonline.spmi.pt/artigos_consultar.php?id=2019232
593,https://casosclinicosonline.spmi.pt/artigos_consultar.php?id=2016120
594,https://casosclinicosonline.spmi.pt/artigos_consultar.php?id=2020036
595,https://casosclinicosonline.spmi.pt/artigos_consultar.php?id=2017248
596,https://casosclinicosonline.spmi.pt/artigos_consultar.php?id=2018050
597,https://casosclinicosonline.spmi.pt/artigos_consultar.php?id=2018119
598,https://casosclinicosonline.spmi.pt/artigos_consultar.php?id=2018336
599,https://casosclinicosonline.spmi.pt/artigos_consultar.php?id=2020002
600,https://casosclinicosonline.spmi.pt/artigos_consultar.php?id=2016099
601,https://casosclinicosonline.spmi.pt/artigos_consultar.php?id=2016220
602,https://casosclinicosonline.spmi.pt/artigos_consultar.php?id=2017233
603,https://casosclinicosonline.spmi.pt/artigos_consultar.php?id=2016176
604,https://casosclinicosonline.spmi.pt/artigos_consultar.php?id=2020127
605,https://casosclinicosonline.spmi.pt/artigos_consultar.php?id=2016157
606,https://casosclinicosonline.spmi.pt/artigos_consultar.php?id=2017292
607,https://casosclinicosonline.spmi.pt/artigos_consultar.php?id=2018020
608,https://casosclinicosonline.spmi.pt/artigos_consultar.php?id=2014093
609,https://casosclinicosonline.spmi.pt/artigos_consultar.php?id=2018353
610,https://casosclinicosonline.spmi.pt/artigos_consultar.php?id=2020010
611,https://casosclinicosonline.spmi.pt/artigos_consultar.php?id=2021142
612,https://casosclinicosonline.spmi.pt/artigos_consultar.php?id=2021294
613,https://casosclinicosonline.spmi.pt/artigos_consultar.php?id=2021275
614,https://casosclinicosonline.spmi.pt/artigos_consultar.php?id=2019033
615,https://casosclinicosonline.spmi.pt/artigos_consultar.php?id=2016171
616,https://casosclinicosonline.spmi.pt/artigos_consultar.php?id=2021116
617,https://casosclinicosonline.spmi.pt/artigos_consultar.php?id=2017153
618,https://casosclinicosonline.spmi.pt/artigos_consultar.php?id=2017198
619,https://casosclinicosonline.spmi.pt/artigos_consultar.php?id=2016174
620,https://casosclinicosonline.spmi.pt/artigos_consultar.php?id=2020147
621,https://casosclinicosonline.spmi.pt/artigos_consultar.php?id=2018200
622,https://casosclinicosonline.spmi.pt/artigos_consultar.php?id=2018369
623,https://casosclinicosonline.spmi.pt/artigos_consultar.php?id=2019112
624,https://casosclinicosonline.spmi.pt/artigos_consultar.php?id=2017324
625,https://casosclinicosonline.spmi.pt/artigos_consultar.php?id=2017075
626,https://casosclinicosonline.spmi.pt/artigos_consultar.php?id=2018144
627,https://casosclinicosonline.spmi.pt/artigos_consultar.php?id=2014097
628,https://casosclinicosonline.spmi.pt/artigos_consultar.php?id=2018316
629,https://casosclinicosonline.spmi.pt/artigos_consultar.php?id=2016173
630,https://casosclinicosonline.spmi.pt/artigos_consultar.php?id=2017250
631,https://casosclinicosonline.spmi.pt/artigos_consultar.php?id=2020295
632,https://casosclinicosonline.spmi.pt/artigos_consultar.php?id=2019267
633,https://casosclinicosonline.spmi.pt/artigos_consultar.php?id=2020121
634,https://casosclinicosonline.spmi.pt/artigos_consultar.php?id=2014099
635,https://casosclinicosonline.spmi.pt/artigos_consultar.php?id=2016273
636,https://casosclinicosonline.spmi.pt/artigos_consultar.php?id=2021049
637,https://casosclinicosonline.spmi.pt/artigos_consultar.php?id=2014006
638,https://casosclinicosonline.spmi.pt/artigos_consultar.php?id=2017156
639,https://casosclinicosonline.spmi.pt/artigos_consultar.php?id=2018010
640,https://casosclinicosonline.spmi.pt/artigos_consultar.php?id=2017053
641,https://casosclinicosonline.spmi.pt/artigos_consultar.php?id=2021266
642,https://casosclinicosonline.spmi.pt/artigos_consultar.php?id=2020196
643,https://casosclinicosonline.spmi.pt/artigos_consultar.php?id=2019244
644,https://casosclinicosonline.spmi.pt/artigos_consultar.php?id=2015014
645,https://casosclinicosonline.spmi.pt/artigos_consultar.php?id=2021137
646,https://casosclinicosonline.spmi.pt/artigos_consultar.php?id=2018201
647,https://casosclinicosonline.spmi.pt/artigos_consultar.php?id=2017037
648,https://casosclinicosonline.spmi.pt/artigos_consultar.php?id=2021126
649,https://casosclinicosonline.spmi.pt/artigos_consultar.php?id=2017137
650,https://casosclinicosonline.spmi.pt/artigos_consultar.php?id=2017161
651,https://casosclinicosonline.spmi.pt/artigos_consultar.php?id=2016233
652,https://casosclinicosonline.spmi.pt/artigos_consultar.php?id=2020063
653,https://casosclinicosonline.spmi.pt/artigos_consultar.php?id=2018251
654,https://casosclinicosonline.spmi.pt/artigos_consultar.php?id=2018037
655,https://casosclinicosonline.spmi.pt/artigos_consultar.php?id=2017323
656,https://casosclinicosonline.spmi.pt/artigos_consultar.php?id=2016180
657,https://casosclinicosonline.spmi.pt/artigos_consultar.php?id=2017069
658,https://casosclinicosonline.spmi.pt/artigos_consultar.php?id=2018240
659,https://casosclinicosonline.spmi.pt/artigos_consultar.php?id=2021020
660,https://casosclinicosonline.spmi.pt/artigos_consultar.php?id=2018237
661,https://casosclinicosonline.spmi.pt/artigos_consultar.php?id=2016158
662,https://casosclinicosonline.spmi.pt/artigos_consultar.php?id=2018279
663,https://casosclinicosonline.spmi.pt/artigos_consultar.php?id=2019200
664,https://casosclinicosonline.spmi.pt/artigos_consultar.php?id=2018220
665,https://casosclinicosonline.spmi.pt/artigos_consultar.php?id=2014036
666,https://casosclinicosonline.spmi.pt/artigos_consultar.php?id=2018266
667,https://casosclinicosonline.spmi.pt/artigos_consultar.php?id=2020211
668,https://casosclinicosonline.spmi.pt/artigos_consultar.php?id=2016166
669,https://casosclinicosonline.spmi.pt/artigos_consultar.php?id=2017319
670,https://casosclinicosonline.spmi.pt/artigos_consultar.php?id=2018257
671,https://casosclinicosonline.spmi.pt/artigos_consultar.php?id=2016054
672,https://casosclinicosonline.spmi.pt/artigos_consultar.php?id=2018312
673,https://casosclinicosonline.spmi.pt/artigos_consultar.php?id=2014059
674,https://casosclinicosonline.spmi.pt/artigos_consultar.php?id=2021217
675,https://casosclinicosonline.spmi.pt/artigos_consultar.php?id=2021259
676,https://casosclinicosonline.spmi.pt/artigos_consultar.php?id=2018339
677,https://casosclinicosonline.spmi.pt/artigos_consultar.php?id=2018368
678,https://casosclinicosonline.spmi.pt/artigos_consultar.php?id=2018267
679,https://casosclinicosonline.spmi.pt/artigos_consultar.php?id=2017275
680,https://casosclinicosonline.spmi.pt/artigos_consultar.php?id=2017291
681,https://casosclinicosonline.spmi.pt/artigos_consultar.php?id=2016245
682,https://casosclinicosonline.spmi.pt/artigos_consultar.php?id=2020099
683,https://casosclinicosonline.spmi.pt/artigos_consultar.php?id=2020238
684,https://casosclinicosonline.spmi.pt/artigos_consultar.php?id=2021014
685,https://casosclinicosonline.spmi.pt/artigos_consultar.php?id=2019193
686,https://casosclinicosonline.spmi.pt/artigos_consultar.php?id=2014029
687,https://casosclinicosonline.spmi.pt/artigos_consultar.php?id=2018302
688,https://casosclinicosonline.spmi.pt/artigos_consultar.php?id=2018060
689,https://casosclinicosonline.spmi.pt/artigos_consultar.php?id=2016205
690,https://casosclinicosonline.spmi.pt/artigos_consultar.php?id=2017320
691,https://casosclinicosonline.spmi.pt/artigos_consultar.php?id=2018352
692,https://casosclinicosonline.spmi.pt/artigos_consultar.php?id=2016119
693,https://casosclinicosonline.spmi.pt/artigos_consultar.php?id=2018217
694,https://casosclinicosonline.spmi.pt/artigos_consultar.php?id=2017017
695,https://casosclinicosonline.spmi.pt/artigos_consultar.php?id=2020005
696,https://casosclinicosonline.spmi.pt/artigos_consultar.php?id=2021234
697,https://casosclinicosonline.spmi.pt/artigos_consultar.php?id=2014075
698,https://casosclinicosonline.spmi.pt/artigos_consultar.php?id=2017176
699,https://casosclinicosonline.spmi.pt/artigos_consultar.php?id=2018326
700,https://casosclinicosonline.spmi.pt/artigos_consultar.php?id=2018315
701,https://casosclinicosonline.spmi.pt/artigos_consultar.php?id=2016133
702,https://casosclinicosonline.spmi.pt/artigos_consultar.php?id=2016240
703,https://casosclinicosonline.spmi.pt/artigos_consultar.php?id=2021101
704,https://casosclinicosonline.spmi.pt/artigos_consultar.php?id=2014127
705,https://casosclinicosonline.spmi.pt/artigos_consultar.php?id=2014015
706,https://casosclinicosonline.spmi.pt/artigos_consultar.php?id=2016092
707,https://casosclinicosonline.spmi.pt/artigos_consultar.php?id=2018330
708,https://casosclinicosonline.spmi.pt/artigos_consultar.php?id=2018301
709,https://casosclinicosonline.spmi.pt/artigos_consultar.php?id=2014008
710,https://casosclinicosonline.spmi.pt/artigos_consultar.php?id=2018232
711,https://casosclinicosonline.spmi.pt/artigos_consultar.php?id=2016177
712,https://casosclinicosonline.spmi.pt/artigos_consultar.php?id=2016144
713,https://casosclinicosonline.spmi.pt/artigos_consultar.php?id=2014101
714,https://casosclinicosonline.spmi.pt/artigos_consultar.php?id=2014076
715,https://casosclinicosonline.spmi.pt/artigos_consultar.php?id=2017196
716,https://casosclinicosonline.spmi.pt/artigos_consultar.php?id=2018379
717,https://casosclinicosonline.spmi.pt/artigos_consultar.php?id=2019001
718,https://casosclinicosonline.spmi.pt/artigos_consultar.php?id=2014019
719,https://casosclinicosonline.spmi.pt/artigos_consultar.php?id=2018164
720,https://casosclinicosonline.spmi.pt/artigos_consultar.php?id=2018019
721,https://casosclinicosonline.spmi.pt/artigos_consultar.php?id=2014087
722,https://casosclinicosonline.spmi.pt/artigos_consultar.php?id=2018008
723,https://casosclinicosonline.spmi.pt/artigos_consultar.php?id=2017166
724,https://casosclinicosonline.spmi.pt/artigos_consultar.php?id=2014113
725,https://casosclinicosonline.spmi.pt/artigos_consultar.php?id=2017263
726,https://casosclinicosonline.spmi.pt/artigos_consultar.php?id=2018136
727,https://casosclinicosonline.spmi.pt/artigos_consultar.php?id=2018322
728,https://casosclinicosonline.spmi.pt/artigos_consultar.php?id=2020188
729,https://casosclinicosonline.spmi.pt/artigos_consultar.php?id=2018193
730,https://casosclinicosonline.spmi.pt/artigos_consultar.php?id=2017186
731,https://casosclinicosonline.spmi.pt/artigos_consultar.php?id=2018349
732,https://casosclinicosonline.spmi.pt/artigos_consultar.php?id=2018319
733,https://casosclinicosonline.spmi.pt/artigos_consultar.php?id=2016064
734,https://casosclinicosonline.spmi.pt/artigos_consultar.php?id=2018142
735,https://casosclinicosonline.spmi.pt/artigos_consultar.php?id=2018221
736,https://casosclinicosonline.spmi.pt/artigos_consultar.php?id=2017254
