link,Texto Clinico,Observações
https://casosclinicosonline.spmi.pt/artigos_consultar.php?id=2016147,"S/
Identificação: género feminino, 70 anos de idade, aposentada.

AP:
# hipertensão arterial 
# neoplasia da mama direita 
## submetida a tumorectomia e radioterapia adjuvante há cerca de 2 anos
# não fumadora

MH:
# irbesartan/hidroclorotiazida, 
# bisoprolol
# ácido acetilsalicílico 
# letrozol

HDA: Vem ao SU por queixas de tosse seca persistente e irritativa, dispneia, toracalgia pleurítica, mal-estar geral e febre, com cerca de 15 dias de evolução. Foi observada previamente pelo seu médico assistente e, por quadro compatível com pneumonia adquirida na comunidade (PAC), medicada com amoxicilina/clavulanato e azitromicina, sem melhoria.
Por persistência das queixas, com agravamento da tosse e da dispneia, e surgimento de sudorese noturna, foi então encaminhada a este SU. Nega início recente de outros fármacos. Sem contexto epidemiológico, viagens recentes ao estrangeiro ou exposições ambientais suspeitas. Sem história de atopia, asma, patologia pulmonar ou otorrinolaringológica.

O/ Temperatura 37.9ºC; normotensa; taquicardica, taquipneica. SpO2 86% aa.
AP- murmúrio vesicular rude e crepitações inspiratórias bibasais na auscultação pulmonar.

A/
# Analiticamente- leucograma e fórmula leucocitária normais, proteína C reativa (PCR) 11,27mg/dL, D-dímeros 1285ng/mL; LDH, marcadores de necrose miocárdica, ureia e creatinina normais. 
# GSA aa- PaO2 59,0mmHg, Sat.O2 82,7%, PaO2/FiO2=280mmHg
# Rx torácica- opacidades heterogéneas arredondadas à esquerda 
# TC torácica - consolidações difusas e bilaterais; sem evidência de TEP.

Assim, doente admitida em Enfermaria por:
# PAC recidivante
# IR hipoxémica
## iniciada cefotaxima.

Evolução em internamento e ambulatório
# Em D7 de cefotaxima, manteve febrícula, e as alterações auscultatórias, gasométricas e radiográficas. Analiticamente manteve leucograma normal, sem eosinofília periférica, velocidade de sedimentação (VS) e PCR elevadas; a LDH, enzimas hepatocolestáticas, electroforese das proteínas séricas, CA15-3 e enzima conversora da angiotensina, entre outros parâmetros, estavam dentro dos valores de referência.
Todos os estudos microbiológicos, assim como as serologias infeciosas e o estudo de autoimunidade foram negativos.
Realizou roncofibroscopia  com a amostra do LBA a revelar alveolite eosinofílica (28%) e linfocítica (16%), tendo sido negativo o estudo microbiológico e a pesquisa de células malignas.
O exame parasitológico das fezes e a ecografia abdominal para exclusão de foco parasitário foram negativos. O nível de IgE total era normal (24,6UI/mL). O estudo funcional respiratório foi normal, com exceção de diminuição da capacidade de transferência alvéolo-capilar.
Discutido o caso com Pneumologia, e admitindo pneumonia eosinofílica aguda, iniciou-se prednisolona 60mg/dia, assistindo-se a uma significativa e progressiva melhoria clínica, analítica e imagiológica. A doente teve alta após 7 dias de corticoterapia, sem queixas respiratórias, sem alterações gasométricas e com melhoria radiográfica evidente.
# Foi reavaliada 2 semanas depois, em ambulatório, mantendo-se assintomática e com normalização radiológica. Iniciou-se então descontinuação lenta e progressiva da corticoterapia ao longo de 6 meses, sem recorrência durante ou após a suspensão. 
# Mantém seguimento regular em consulta de Medicina Interna com normalidade clínica, analítica e radiográfica.",
https://casosclinicosonline.spmi.pt/artigos_consultar.php?id=2018159,"S/
Identificação: Género feminino, 31 anos

AP:
# Puérpera IGIP
## parto eutócico às 40 semanas e 4 dias de gestação
## História de 3 episódios de bacteriúria assintomática, com uroculturas positivas para Escherichia coli durante a gravidez tratadas com fosfomicina. 
## fez suplementação oral com ácido fólico e ferro durante a gravidez. Restantes antecedentes pessoais sem relevo no presente contexto.

HDA: Ao 3º dia de pós-parto foi realizada visita de Ginecologia para decisão de alta clínica. À avaliação clínica por Ginecologia e Obstrícia- ""hemodinamicamente estável e apirética, pálida com escleróticas ligeiramente ictéricas. Lóquios normais, mamas tensas e períneo com cicatriz de episiorrafia sem sinais inflamatórios. Foram realizadas análises de controlo que revelaram anemia normocítica normocrómica e trombocitopénia grave""
Neste contexto, pedida avaliação urgente por Medicina Interna.
À minha avaliação, refere cansaço e cefaleia holocraniana que atribui ao pós-parto e à privação de sono. Nega hematúria, rectorragia, gengivorragia ou outras perdas hemorrágicas.

O/
Exame físico sem hematomas, petéquias ou equimoses. Sem outras manifestações neurológicas. 


A/
# Analiticamente com sinais evidentes de anemia hemolítica com elevação da LDH, haptoglobina indoseável e elevação da bilirrubina à custa da indireta, com Coombs direto e indireto negativos. Sem consumo de complemento. 
# esfregaço de sangue periférico com anisocitose, policromatofilia, 1,2% de esquizócitos, 1 eritroblasto por cada 100 leucocitos, raras plaquetas grandes. 
# ecografia abdominal sem esplenomegália ou outras alterações.
# serologias virais foram negativas, bem como a pesquisa de marcadores de autoimunidade. # anticorpo anti-ADAMTS13 positivo fraco com um valor de 17 UI/mL (negativo < 13 UI/mL) e a atividade ADAMTS13 foi de 6% (positivo < 10%).

Assim, assumida púrpura trombocitopénica trombótica
Iniciada plasmaférese cerca de 6 horas após o início da suspeita clínica e completou 5 sessões, em dias consecutivos. Realizou3 dias de metilprednisolona 1g/dia. 
Com melhoria analítica progressiva e estabilização dos valores de hemograma e resolução dos sintomas neurológicos. 
Até à atualidade não apresentou recidiva.",
https://casosclinicosonline.spmi.pt/artigos_consultar.php?id=2016049,"S/ 
Identificação: género feminino, 49 anos,; doméstica.

AP:
# Diabetes mellitus com 2 anos de evolução


Antecedentes ginecológicos:
# pós-menopausa

MH:
# metformina+vildagliptina 1000+50 mg 1+0+1
# metformina 1000 mg 0+1+0
#  gliclazida 60 mg id
# insulina glargina 26+0+0.

HDA: Referenciada à Consulta Externa (CE) por mau controlo metabólico, após a introdução de insulina basal glargina 26 unidades/dia, com pesquisa de glicemias ocasionais >300 mg/dL e hemoglobina glicada (HbA1c) 12,3%. 
Evidência de fácies grosseira.
Quando questionada referia queixas de cefaleias holocranianas frequentes, de intensidade moderada-intensa, que não cediam com a analgesia; aumento das extremidades (mãos e pés), com necessidade de alargar os anéis e aumentar o tamanho dos sapatos e antecedentes de cirurgia por síndrome do túnel cárpico (STC). Nega alterações do sono, patologia digestiva ou tiroideia conhecidas.

O/
Ao exame físico: presença de fácies grosseira (alargamento dos ossos do nariz e da região frontal), prognatismo e alargamento dos dedos das mãos. 

A/
# Analiticamente- hemoglobina 13 g/dL, leucócitos 4500/µL, plaquetas 217000/µL; glicose 210 mg/dL, HbA1c 10,8%, função renal, hepática e ionograma sem alterações, colesterol total 223mg/dL, colesterol LDL 133mg/dL, colesterol HDL 73mg/dL, triglicerídeos 84mg/dL e microalbumina urinária 2 mg/L. 
# estudo endócrino revelou: função tiroideia normal (TSH 0,93 uUI/mL; T4 Livre 0,73 ng/dL), setor gonadal normal (hormona folículo-estimulante 46 mUI/mL , hormona luteinizante 21,5 mUI/mL e estradiol 25 pg/mL), sector corticosuprarrenal normal (hormona adrenocorticotrofina (ACTH) 18 pg/mL e cortisol plasmático (às 8h da manhã) 13,8 ug/dL , com aumento de ST, fator de crescimento semelhante a insulina 1 (IGF-1) e prolactina, com valores de 17,6 ng/mL [N:0,06-10], 732 ng/mL [N:103-310] e 54,4 ng/mL [N:2,7-19,6 pós-menopausa], respetivamente.

Levantada suspeita de acromegalia.
Realizou RMN hipofisária-  volumosa lesão expansiva selar e supra-selar, com cerca de 24x15,5mm, condicionando alargamento dos limites da sela turca, discretamente lateralizada para a esquerda, desvio-retração para a direita da haste hipofisária, sugestiva de macroadenoma hipofisário.
Foi observada por Oftalmologia, cuja campimetria revelou quadrantanópsia do campo visual súpero-lateral direito. 
Eletrocardiograma e ecocardiograma normais. Colonoscopia sem alterações.
Admitida DM secundária a Acromegalia.
Referenciada à consulta de Neurocirurgia noutra instituição, sendo submetida a cirurgia transesfenoidal. 
O exame histológico da peça operatória revelou aspectosmorfológicos consistentes com adenoma hipofisário e no estudo imunocitoquímico observava-se imunorreatividade (positividade difusa) para prolactina e ST e negatividade para ACTH.
Efetuado controlo analítico e imagiológico 12 semanas após a cirurgia, constatando-se IGF-1 elevado (993 ng/mL) e macroadenoma hipofisário residual.
Após avaliação em Consulta de Grupo noutra instituição, devido ao baixo contexto socioeconómico da doente, previsibilidade de resposta em 30% dos doentes e comodidade posológica, optou-se por prova terapêutica com cabergolina, com resposta bioquímica favorável, motivo pelo qual se manteve a mesma. 
Atualmente apresenta doença controlada (ST 0,303 ng/mL e IGF-1 257 ng/mL) sob terapêutica com cabergolina 1,25 mg/semana e melhoria substancial do controlo metabólico, com suspensão da insulina. Submetida a PTGO que revelou hiperglicemia intermédia.",
https://casosclinicosonline.spmi.pt/artigos_consultar.php?id=2016166,"S/ 
Identificação: género masculino, 48 anos, caucasiano.

AP:
# etilismo crónico 
# história de traumatismo crânio-encefálico (TCE) recente, há um mês, com fractura do rochedo temporal direito
## Aquando do TCE foi admitido num Serviço de Neurocirurgia, tendo sido adoptada terapêutica conservadora, mantendo-se internado durante 5 dias, com alta sem alterações clínicas ou analíticas sequelares. 

HDA: HIstória de TCE há um mªes, vem ao SU por crise convulsiva não presenciada e quadro confusional. 

O/ 
Doente prostrado, reativo a estímulos verbais, desorientado e com períodos de agitação, sem sinais de depleção de volume. O restante exame físico e neurológico não revela alterações relevantes. 

A/ 
# Analiticamente- hiponatremia de 120 mEq/l e elevação de CK de 1985 U/L, sem outras alterações nomeadamente ao nível do hemograma, estudo da coagulação, função renal e hepática. 
# tomografia computorizada (TC) crânio-encefálica revela contusão cerebral frontal esquerda em reabsorção, sem efeito de massa e fractura do rochedo temporal direito, sendo sobreponível a exame anterior, não se individualizando imagens hemorrágicas ou isquémicas agudas. 
# Punção lombar normal
#  angio-TC CE sem alterações

Assim, doente internado com a seguinte lista de problemas:
# hiponatrémia euvolémica para estudo 
# síndrome confusional agudo, 
# epilepsia no contexto traumático/etilismo crónico 
# rabdomiólise. 

Evolução em internamento:
# Do estudo realiazado
## osmolaridade sérica de 256 mOsm/kg, osmolaridade urinária de 529 mOsm/kg e Na+ urinário de 424 mEq/L. 
## excluídos estímulos fisiológicos de secrecção de hormona antidiurética (ADH), hipotiroidismo e insuficiência supra-renal, admitiu-se o diagnóstico de SIADH. 

# Em termos etiológicos assumida, face à ausência de outras causa, uma origem neurológica, com produção eutópica de ADH, como complicação de uma fractura da base do crânio. 
# Instituída restrição hídrica e dieta hipersalina, mantendo o doente quadro confusional e hiponatrémia refractários (níveis séricos de sódio de 118 mEq/l, osmolaridade sérica de 237 mOsm/kg, osmolaridade urinária de 512 mOsm/kg e Na+ urinário de 405 mEq/L). 
# Face à etiologia da SIADH e à indisponibilidade de um armamentário farmacológico mais vasto, optou-se por iniciar um esquema terapêutico com fenitoína 300mg/total dia, conseguindo-se uma melhoria progressiva e mantida do quadro confusional e dos testes psicométricos, com atingimento de níveis normonatrémicos . Dezanove dias após, o doente não evidenciava sinais clínicos ou sintomas de SIADH, não havendo registo de mais episódios de crises convulsivas.",
https://casereports.spmi.pt/index.php/cr/article/view/191,"S/
Identidicação: género feminino, 24 anos.

AP:
# sem antecedentes conhecidos.

MH:
# contraceptivo oral

HDA: Recorre ao  serviço  de  urgência  por  nódulos  violáceos  dolorosos  na  região  pré-tibial  bilateral,  que  estenderam  a  toda  a  perna  e  coxa,  com  1  mês  de  evolução.  Três  semanas  antes  do  início  do  quadro,  realizou  a  2ª  dose  da  vacina  contra  SARS-CoV-2  Comirnaty®  (Pfizer-BioNTech),  a  mesma que realizou um mês antes. Sem outras queixas, nomeadamente sugestivas de patologia auto-imune ou síndrome onstitucional.

O/
Exame físico- apirética,  sem  alterações  da  orofaringe  ou  adenopatias,  observando-se  lesões  nodulares  em  ambas  as  coxas  e  pernas,  de  cor  violácea,  eritematosas,  com  2  cm  de  maior  eixo,  dolorosas  à  palpação.  

A/
# Analiticamente- leucocitose de 12,6 x 109/L com neutrofilia,  proteína  C  reactiva  210  mg/L  e  velocidade  de  sedimentação 42 mm/h. 
# Anticorpo anti-estreptolisina O ne-gativo,  serologias  para  sífilis  e  vírus  Ebstein-Barr,  hepatite  B  e  C  e  VIH  negativas.  Painel  imunológico,  com  pesquisa de anticorpos anti-nucleares (ANA), anticorpos anti-double--stranded  DNA  (dsDNA),  anticorpos   itoplasmáticos  anti--neutrófilos  (ANCA),  complemento,  factor  reumatóide  e  anticorpos  anti-péptido  citrulinado  cíclico,  negativos.  
# Marcadores  de  lesão  hepática  e  função  renal  sem  alterações.  
# Hemoculturas negativas.
# TC TAP sem alterações. 

Assim, assumido eritema nodoso secundário à administração da vacina contra SARS-CoV-2.
Iniciada prednisolona 60 mg/dia. 

Evolução:
# Uma semana depois houve melhoria clínica significativa e  diminuição  acentuada  dos  parâmetros  inflamatórios,  pelo  que se iniciou redução gradual de corticoterapia, com resolução completa do quadro ao fim de duas semanas.
# Passados  seis  meses,  a  doente  teve  doença  ligeira  por  SARS-CoV-2 e uma semana depois surgiram lesões com características  idênticas  às  do  episódio  anterior.  Iniciou  novo  ciclo de corticoterapia, com resolução do quadro. Pela exuberância das lesões, a doente foi aconselhada a não repetir imunização com vacina de mRNA contra SARS-CoV-2. 
# Até à data, não voltou ter infecção por SARS-CoV-2 nem teve ressurgimento das lesões cutâneas.",
https://casosclinicosonline.spmi.pt/artigos_consultar.php?id=2015020,"S/
Identificação: Doente do sexo masculino, 74 anos.

AP:
# diabetes mellitus tipo II
# fibrilhação auricular permanente 
# DRC estadio V em programa de hemodiálise
## iniciado sete meses antes do internamento, com cateter dialítico implantado na veia subclávia direita por falência de fístula artério-venosa.

MH:
# Darbopoetina, 
# Óxido de Ferro, 
# Vitaminas B e D,
# Ácido Fólico, 
# Varfarina, 
# Amiodarona, 
# Pantoprazol, 
# Glimepirida, 
# Sitagliptina, 
# Sinvastatina
# Clorazepato Dipotássico

HDA: Doente enviado ao Serviço de Urgência por tumefacção dolorosa localizada à falange média do 3º dedo da mão esquerda, com cerca de um mês de evolução. Refere febre não quantificada , sem predomínio circadiano, e astenia marcada, negando outras queixas relevantes, nomeadamente sudação ou perda de peso recente. Foi submetido a antibioterapia de largo espetro intra-dialítica, sem melhoria. Internado para estudo.

O/
À admissão no SU: Mau estado geral; IMC 18.Eupneico sem cianose. Febril (temperatura timpânica 38,7ºC).Pele e mucosas descoradas. Sem adenopatias palpáveis nas cadeias eletivas.Catéter de diálise implantado na veia subclávia direita. Auscultação cardíaca- tons cardíacos arrítmicos com frequência 78 ppm, sem sopros; TA: 123/65 mm Hg.A uscultação pulmonar-murmúrio vesicular mantido e simétrico, sem ruídos adventícios. Abdómen depressível e indolor; sem organomegálias papáveis. Edema, dor e rubor da parte média da falange distal do 3º dedo da mão esquerda, sem flutuação e sem solução de continuidade cutânea esem envolvimento articular. Sem edemas dos membros inferores. Ao exame neurológico apresentava-se vígil, lúcido , colaborante, orientado, sem sinais meningeos ou deficit focal.

A/
Do estudo realizado:
# Analiticamente apresentava:4,06 Eritrocitos; Hb 11,3 g/dL; Hct 39,1% ;VGM 96 fl; leucócitos 2000 / 63,5% Neutrófilos ; plaquetas 51. 000; VS 15 mm/ 1ªh;Glicémia 137 mg/dL; creatinnia 3,6 mg/dL; ionograma e função hepática sem alterações; Proteína C Reactiva 2,2mg/dL; calcémia 8,7 mg /dL;electroforese de proteínas sem alterações, nomeadamente pico monoclonal;serologia para VIH negativa; marcadores tumorais ( CA-19-9, CEA, NSE) negativos.
# ECG - fibrilhação auricular com resposta ventricular controlada.
# Radiografia de tórax sem alterações pleuro-parenquimatosas de carácter evolutivo.
# Radiografia da mão esquerda- lesão lítica proximal, justa articular, na falange média do 3º dedo da mão esquerda.
# TC mão - lesão óssea lítica permeativa no terço proximal da falange média do 3º dedo da mão esquerda, metáfise-epifisária, com afilamento e disrupção focal da cortical óssea em topografia palmar, coexistindo espessamento e densificação dos tecidos de partes moles envolventes, sem extensão à superfície articular.
# Biópsia cirurgia de partes moles da lesão-  “fragmentos de tecido conjuntivo fibroso, sem tecidos ósseos, onde só se reconhece revestimento focal por sinoviócitos; intenso processo inflamatório crónico agudizado; nos vários cortes efectuados observaram-se granulomas histiocitários sem necrose; áreas abecedadas e quísticas nas regiões centrais, contendo acentuada quantidade de BAAR ( coloração de Zhiel-Neelsen positiva).""
# cultura de fragmento de biópsia do osso identificou igualmente grande quantidade de BAAR.
# pesquisa de BK na expectoração foi positiva em apenas uma de três amostras colhidas.
# Pela pncitopenia, realizou-se biópsia óssea medular na crista ilíaca

Perante o quadro laboratorial de pancitopénia, procedeu-se a a biópsia óssea medular, efetuada na crista ilíaca - “espaços osteomedulares normo a ligeiramente hipercelulares para a idade do doente; células das 3 séries hematopoéticas com topografia e morfologia habituais e maturação mantida; sem blastos. Observam-se em dois dos espaços, granulomas histiocitários com orla linfóide, sem necrose. A pesquisa de BAAR, pelo método do Zhiel-Neelsen foi negativa.""

Em face dos achados laboratoriais e histológicos admitiu-se o diagnóstico de tuberculose disseminada, sendo o doente medicado com terapêutica antibacilar quádrupla (Isoniazida, Rifampicina, Pirazinamida e Etambutol) em doses ajustadas à função renal, com boa tolerância.
A evolução clínica foi favorável , tendo tido alta ao 21º dia de internamento passando a ser seguido no Centro de Diagnóstico Pneumológico da área de residência.
Foi reavaliado em consulta externa de Medicina 3 meses depois do inicio da terapêutica verificando-se franca melhoria do estado geral e boa evolução da lesão digital.",
https://casereports.spmi.pt/index.php/cr/article/view/237,"S/
Identificação: género masculino, 80 anos.

AP:
# hipertensão arterial essencial,  
# fibrilhação  auricular  permanente  sob  hipocoagulação, 
# diabetes mellitus tipo 2 com neuropatia periférica, 
# portador de pacemaker definitivo 
# bioprótese aórtica por esteno-se valvular grave 
# síndrome de apneia obstrutiva do sono.
# Internamento no ano anterior por endocardite bacteriana da válvula protésica por Estafilococos epidermidis resistente a meticilina (MRSE) com necessidade de substituição valvular  e  dos  elétrodos  do  pacemaker,  mantendo  seguimento  em consulta de Infeciologia e Cirurgia Cardiotorácica.

MH: não sabe especificar.

HDA: Doente referenciado ao serviço de urgência pela consulta de infeciologia,  onde  referiu  um  quadro  de  febre  diária  vespertina (máximo 38,8º C), associada a calafrios e astenia com sete dias de evolução. Referie, igualmente, lombalgia com irradiação à cintura pélvica bilateral. Não apresenta outra sintomatologia associada, nomeadamente, tosse, dispneia, ortopneia, sintomas urinários ou alterações cutâneas. Não realizou viagens recentes, contacto com animais ou outro contexto epidemiológico. 

O/Ao exame físico a destacar sopro sistólico grau III/VI audível em todo o precórdio (acentuado no foco aórtico) e edema bimaleolar com godet ++. 

A/ Do  estudo  complementar:
# anemia  normocítica  e  normocrómica  (hemoglobina  8,2  g/dL),  trombocitopenia  (11  7000/mm3),  velocidade  de  sedimentação  5 8  mm/1ª  h  e  proteína  C  reativa  58  mg/L. 
# radiografia  torácica  sem  alterações  pleuroparenquimatosas  agudas.  

Iniciou  empiricamente  ceftriaxona,  gentamicina  e  vancomicina, sendo internado com o diagnóstico de endocardite infecciosa.

Em internamento, realizado o seguinte estudo e verificada a seguinte evolução:
# tomografia computorizada (TC) lombossagrada que excluiu espondilodiscite
# ecocardiograma transtorácico levantou a suspeita de lesão vegetante da válvula protésica aórtica
# ecocardiograma  transesofágico  ""prótese  biológica  de  folhetos ligeiramente espessados, observando-se uma ima-gem  sugestiva  de  vegetação  10,3  x  11,2  mm,  associada  à  sigmoideia  não  coronária,  muito  móvel,  e  uma  imagem  de menores dimensões, não móvel, associada à sigmoideia coronária direita também sugestiva de vegetação; sem insu-ficiência valvular” 
# hemoculturas com isolamento Candida metapsilosis sensível à anfotericina B, itr-conazol,  anidulafungina  (E  Teste  0,25)  com  resistência  ao  fluconazol.

Iniciou caspofungina e voriconazol. As  hemoculturas  mostraram-se  positivas  durante  mais  de  cinco  semanas  de  terapêutica  antifúngica,  pelo  que  se  optou por alterar para anfotericina B lipossómica e flucitosina. Esta última foi interrompida após oito dias por toxicida-de hematológica (trombocitopenia grave).
A  evolução  ecocardiográfica  seriada  mostrou  melhoria  gradual  do  tamanho  das  lesões  vegetantes,  sem  evidência de complicações locais, nomeadamente abcesso, pseu-doaneurisma ou disfunção valvular. 
Como complicações da endocardite  observaram-se  somente  pequenas  lesões  de  Janeway e focos vasculíticos cerebrais.
Durante as diversas fases do tratamento médico, o caso foi  sendo  discutido  com  a  cirurgia  cardiotorácica  sobre  a  oportunidade de intervenção cirúrgica valvular. 
Desde cedo se  considerou  que,  perante  a  idade  e  comorbilidades  do  doente, a relação risco/benefício não era adequada perante  a  sua  sobrevida  expectável.  A  ocorrência  de  múltiplas  intercorrências e a resposta prolongada à terapêutica anti-fúngica reforçaram a opção de protelar, sucessivamente, a intervenção valvular.
Foi  mantida  a  anfotericina  B  lipossómica  durante  um  total  de  oito  semanas,  de  modo  a  permitir,  após  estabilidade clínica, ao 97º dia de internamento, a substituição do pacemaker e respetivos elétrodos por via percutânea.
Iniciou  posterior  supressão  crónica  com  itraconazol,  que se considerou apropriado manter ad eternum tendo em conta não ter tido intervenção valvular concomitante.
O doente esteve internado durante 102 dias, tendo apresentado diversas intercorrências, nomeadamente, toxicidade farmacológica (trombocitopenia por toxicidade medular à flu-citosina,  doença  renal  crónica  agudizada  por  nefrotoxicida-de  da  vancomicina  e/ou  gentamicina,  com  necessidade  de  técnica dialítica intermitente) e múltiplas infeções nosocomiais (infeção por SARS-CoV-2 com necessidade de suporte ven-tilatório  não  invasivo,  bacteriémia  por  Klebsiella  pneumoniaeprodutora  de  ESBL  -  Betalactamases  de  largo  espectro  -  e  por Enterococcus faecalis, bacteriemia por Pseudomonas ae-ruginosa  associada  ao  catéter  de  diálise,  cistite  aguda  por  Klebsiella pneumoniae produtora de OXA 48).
O  seguimento  foi  mantido  em  ambulatório  sem  recidiva  de  doença  no  espaço  de  três  anos  de  vigilância,  com  autonomia e estabilidade das restantes patologias médicas (score 3 segundo a escala de fragilidade clínica). ",
https://casosclinicosonline.spmi.pt/artigos_consultar.php?id=2019173,"S/
Identificação: género feminino, 87 anos, caucasiana, autónoma.

AP:
# hipertensão arterial (HTA), 
# diabetes mellitus tipo 2, 
# IC, 
# hiperuricemia
# internamento prévio por IC descompensada por pneumonia

MH:
# candesartan, 
# furosemida, 
# bisoprolol, 
# ácido acetilsalicílico, 
# metformina 
# alopurinol.

HDA: Doente avaliada em consulta externa, referido de novo poliartralgias de ritmo inflamatório nas mãos, sobretudo sobre as articulações metacarpofalângicas (MCF) e interfalângicas (IF) proximais e distais, de início há 2 anos, associado a incapacidade funcional. 

O/
Ao exame objetivo apresenta bom estado geral e cognitivo, puffy hands, esclerodactilia, fenómeno de Raynaud trifásico, esclerose cutânea até aos cotovelos, microstomia, telangiectasias da face, nariz afilado e nódulos de Heberden e Bouchard. 

A doente apresentava envolvimento cutâneo com fibrose quantificada em 12 pontos pelo Modified Rodnan Skin Score.

A/
# Analiticamente - anemia normocítica normocrómica (hemoglobina 11,1g/dL), VS 65mm/h, PCR 1,290mg/dL, Pró-BNP 875pg/mL, sem alterações da função renal, ionograma ou perfil hepático e sem alterações na avaliação sumária de urina. 
# Estudo auto-imune- título de anticorpos antinucleares (ANA) elevado (1/640, padrão granular fino) mas com fator reumatoide, anticorpo contra péptidos citrulinados (anti-CCP), ACA, anti-Scl-70 e anti-DNA negativos. 
# Radiografia da mão com alterações degenerativas difusas e redução do espaço articular envolvendo as articulações MCF e IF proximais e distais, além de rizartrose bilateral.
# capilaroscopia do leito ungeal revelou densidade capilar diminuída, pequenas áreas avasculares, dilatações segmentares e homogéneas muito frequentes, hemorragia capilar frequente, escassos fenómenos de neovascularização e presença de megacapilares, sugestivo de ES de padrão “ativo” em transição para “tardio”.

Assim, assumido o diagnóstico de Esclerose Sistémica (critérios ACR/EULAR). 
Para avaliar o envolvimento orgânico e exclusão de síndrome paraneoplásico realizados estudos adicionais. 
A ausência de alterações na TC-Tórax exclui doença pulmonar intersticial (DPI). 
As provas de função respiratória revelam limitação discreta da permeabilidade das vias aéreas, sem compromisso da capacidade de difusão alvéolo-capilar. 
O ECG demonstra ritmo sinusal. O ecocardiograma revela hipertrofia concêntrica das paredes do ventrículo esquerdo, com boa função sistólica global, compatível com cardiopatia hipertensiva.
Doente medicada com prednisolona em baixa dose (5mg/dia), hidroxicloroquina 400mg/dia, nifedipina 30mg/dia e pentoxifilina 1200mg/dia.  
Realizado programa de reabilitação visando massagem manual e mobilização passiva das mãos, complementada com a aplicação de parafina e ultrassons subaquáticos, apresentando aumento nas amplitudes articulares e franca melhoria da funcionalidade.

Evolução:
A doente mantém-se em seguimento na consulta, apresentando um padrão estável da doença, sem evolução da esclerose cutânea ao fim de 1 ano. Ao exame clínico objetiva-se redução da atividade inflamatória das mãos, melhoria do fenómeno de Raynaud e da funcionalidade, com maior autonomia nas atividades diárias. ",
https://casosclinicosonline.spmi.pt/artigos_consultar.php?id=2014006,"S/
Identificação: Doente do género feminino feminino, com 31 anos de idade, caucasiana.

AP: sem antecedentes de relevo.

MH: sem medicação habitual.

HDA: Doente vem ao SU por apresentar astenia associada a anorexia e sensação de instabilidade postural e da marcha sem sensação de giro de objetos ao seu redor, com três semanas de evolução.

O/
Sem alterações de relevo.

A/
# radiografia de tórax - um aumento do tamanho do mediastino 
# estudo analítico completo revela una anemia (Hb 9,8 g/dl) com uma ferropenia importante (ferritina 12) e um aumento do valor da Enzima Conversora de Angiotensina (ECA 158,7 U/L).
# TC torácica- adenopatias pretraqueais de aproximadamente 10 mm de diâmetro menor, paratraqueais direitas até 24 mm de diâmetro menor, pre-vasculares de uns 12 mm de diâmetro menor, carinais até 14,5 mm de diâmetro menor e hiliares bilaterais, sendo até 32mm no hilio direito. As adenopatias são de densidade homogénea, sem áreas de necrose.
# Ressonância magnética nuclear (RMN) de crânio - varias lesões nodulares (aproximadamente cinco) em ambos hemisférios cerebrais, distribuídas pela substancia branca periventricular adjacente ao corpo do ventrículo lateral esquerdo, na substância branca justacortical frontal posterior esquerda, na substancia branca subcortical frontoparietal bilateral. As lesões são isointensas em T1 e hiperintensas nas sequências ponderadas em T2. A maior parte delas têm uma morfologia arredondada, contornos relativamente bem definidos e diâmetro máximo de vários milímetros, apresentando a de maior tamanho um diâmetro máximo de aproximadamente 5mm.
# PL-  pleocitose (55 células / mm), com proteinorraquia (82 mg / dl) e baixo teor de glucose (38 mg / dl). O valor de ECA no LCR era elevado (78 U / L).
# biópsia transbrônquica por fibroscopia das adenopatias parahiliares obtendo-se no estudo anatomopatológico a presença de granulomas não caseosos.
Assumido diagnóstico de sarcoidose e neurossarcoidose.
Iniciada prednisona 1 mg/kg/dia e passadas três semanas de tratamento, a paciente refere melhora clínica significativa da sensação de instabilidade.",
https://casosclinicosonline.spmi.pt/artigos_consultar.php?id=2016189,"S/
Identificação: género masculino, 51 anos, operador de máquinas, casado e com 2 filhos. 

AP:
# HTA, 
# diabetes mellitus tipo 2, 
# sobrepeso, 
# hiperuricémia 
# ex-fumador (10 UMA)

MH:
# metformina 850 mg 12/12h, 
# telmisartan / hidroclortiazida 80 / 25 mg, 
# nebivolol 5 mg 
# alopurinol 300 mg.

HDA: Doente recorre ao Serviço de Urgência por edema inicialmente da mão direita e posteriormente dos membros inferiores e periorbitário sem predomínio horário, associado a mialgias generalizadas. 

O/ 
À admissão apresenta-se em anasarca.

A/
# avaliação analítica inicial com VS 80 mm/h, elevação de CK 12376 U/L (0-170 U/L), mioglobina 2230 ng/mL (0-85 ng/mL), TGO 364 U/L (10-37 U/L), TGP 103 U/L (10-37 U/L) e LDH 577 U/L (0-248 U/L). 

Perante este quadro foi colocada a hipótese de rabdomiólise secundária ao alopurinol, pelo que se internou o doente para se prosseguir o estudo.

Evolução em internamento:
# Durante o internamento, inicia quadro de fraqueza muscular progressiva e generalizada mas de predomínio proximal, associada a lesões cutâneas (decote em V e lesão em xaile) e espessamento cutâneo nas palmas das mãos, pelo que nesta fase foi reequacionado o diagnóstico e admitida a possibilidade de dermatomiosite.

Perante o diagnóstico clínico tornou-se necessário rastrear a eventual associação com doença autoimune e/ou neoplasia. Do estudo realizado:
#  ANA positivo 1/320, padrão fino granular com alguns pontos nucleares, 
# anti SSA / Ro52 positivo
# restante estudo imunológico sem alterações. 
# Função tiroideia normal; 
# serologias virais (VHB, VHC, VIH, HBV, CMV) negativas; VDRL negativo; 
# HbA1c 7%; 
# perfil lifpidico sem alterações
# biópsia muscular com infiltrado inflamatório mononucleado perivascular e perifascicular, com degeneração e regeneração de fibras musculares e atrofia perifascicular.

Iniciada prednisolona na dose de 1 mg/Kg/dia (100 mg/dia) durante 10 dias, 3 dias de metilprednisolona 1 g/dia sempre com agravamento clínico e analítico, tendo posteriormente realizado 5 dias de imunoglobulina humana na dose de 0.4 g/Kg/dia. Diariamente cumprida fisioterapia adequada ao grau de déficit de força muscular.

Paralelamente, fez-se estudo exaustivo na suspeita de DM como síndrome paraneoplásico:
# radiografia do tórax e ecocardiograma transtorácico não revelaram alterações
# TAC tórax alta resolução com presença de nódulo de 8 mm no lobo inferior direito (LID) mas sem características suspeitas, “a controlar”. 
# Marcadores tumorais negativos (CEA, CA 15.3, CA 125, CA 19.9, alfa-fetoproteina, PSA, beta-HCG, beta-2-microglobulina, CYFRA 21.1 e NSE) 
# Repetiu TAC toraco-abdomino-pélvico com contraste sem qualquer alteração.

Apesar da terapêutica dirigida, verificada progressiva perda de força muscular com necessidade de colar cervical para equilíbrio e conforto, alem de sialorreia, disfonia e disfagia para sólidos e líquidos, que motivaram entubação nasogastrica. Dada a refractariedade à terapêutica convencional e a possibilidade de utilização de fármacos off label, optou-se pela transferência para o Hospital de referência de Doenças Autoimunes (Hospital Curry Cabral). Neste hospital manteve padrão de miosite com CK 7763 U/L em perfil ascendente (0-170 U/L), mioglobina 11786 ng/mL (0-85 ng/mL), TGO 374 U/L (10-37 U/L), TGP 137 U/L (10-37 U/L) e LDH 674 U/L (0-248 U/L). 
Perante o estudo efectuado admitiu-se DM paraneoplasica em contexto de provável neoplasia do pulmão.
Mais especificamente, colhida reavaliação analítica com estudo complementar e painel de miosites que revelou imunologia: ANA positivo 1/320, Anti-Ro52 +2, anti-NPX-2 +2. 
Realizada RMN de corpo com sinais de miopatia generalizada com características inflamatórias e sinais de atrofia muscular nos grupos afectados, com áreas de necrose / hematomas intra-musculares, sugerindo miopatia inflamatória com mionecrose importante associada. 
PET scan revelou doença inflamatória em actividade e ávida para fluorodesoxiglicose (FDG) na musculatura esquelética; provável processo infeccioso / inflamatório no LID; alterações morfológicas e metabólicas no lobo superior direito que poderiam ter a mesma etiologia contudo a hipótese de natureza maligna não pode ser excluída.
Houve inicialmente melhoria do quadro de anasarca, com optimização da terapêutica diurética sempre sem alteração significativa da função renal, pelo que perdeu cerca de 6 Kg de peso e tendo tolerado levante para cadeirão com redução das secreções / sialorreia , ficando sem sonda nasogástrica mas sempre com necessidade de apoio na alimentação. Como intercorrência, destaca-se pneumonia nosocomial, com melhoria inicial sob piperacilina / tazobactam, mas por agravamento fez-se switch para meropenem, sem qualquer isolamento microbiológico. O doente entrou em PCR, tendo-se efetuado manobras SAV sem sucesso.
Procedeu-se a autópsia onde se destaca: “…derrame pleural bilateral (400ml à esquerda e 250ml à direita); … pulmão direito com congestão vascular nos lobos inferior e médio, identificando-se nódulo firme com aproximadamente 5mm no lobo inferior e áreas sugestivas de broncopneumonia …”. Foram colhidos fragmentos de vários órgãos, onde se salienta o diagnostico histológico de broncopneumonia no pulmão direito, sem qualquer tecido de neoplasia nos órgãos analisados.",